Sequences,label
AGCTCGATAACCACCCCTGGCCGCCAAGGCTCTTTAGGGGG,1
CGGCACCAGCCCCGCCTACCCTCGCGCCAAAAAAGTTAAAG,1
GAAATCTTCGAGAAGCTGCGCCGCAGAGGCAAATTCATACT,1
GAATCAAGCAGTAGTTTGAGCCGCGAGGGCCTTTGGCGACA,1
GAGATGCTTACCGATGTCAGCCGGCCTGGCGATGGCAACCG,1
GCCCTAGTTGTTTCCGTATGCCGCTGCGGCGCGGCGTTTTG,1
CTGCCACCGCCTTGTGTACGCCGGCGGGGCAGTTGGGATCG,1
GCTTAAACACCGCGAAGGCGCCGGCGAGGCGCGCAAGAAAG,1
TTGCGCCACGACATCGTAAGCCACAAAGGCGCAATTGGGCT,1
TCCTCACTATTCCTTCCCCTCGCGACCCCAACCCTCCTGTA,1
GGGTGAGAGGTCTGAGCTTGCCGAGGCGGCAAGCAATATCC,1
CCGGCCAAGGACGGCGGCAGCCGGTTCGGCATCGTTCTCAA,1
TAATCCACGGAGAGATCACCCTTCTGACCGGTATGACGGTC,1
TCTGGACAAAGCTTCCAACCCTCTCGAAAAACAAAGGCTTA,1
TCAGGTGCTGGTCGTCTACCCTCTGCGCGAGCAGGACGAAA,1
GCGAAACTTACGGATCGACCCTTCGAACACACATCGGGGAC,1
AAAAGGAAATTTTGCCTGAGCCGCCCTGGCTTGAAGGAAAA,1
ATCTGATAAGGCTCGACACCCTCTGGTTCGATCTGCCCTGC,1
AAACGCGAGCACAATCTACCCTCGAAAAAGGTCATTTTGAG,1
GAAAAAGGACAAGGCGGCCGCCGAACAGGCCAAGAACGCCC,1
CCTCCCTTGAATCAACCACCCTCCCTGTCTGAGTTTGACAA,1
CCTCCTTTGCCGGAAGCAGGCCTAGAAGGCCAAGTCCTTGA,1
GGGTCTGCACCGCCTGGATGCCGGAAAGGCGCTTGTCGACG,1
TCGTCGCTATCGCCATCACCCTCCAGATAAAGTGCCAACAG,1
AGGCGGGGACAGGAAAAACCCTTCTGGCCATTGCCGCAGGG,1
AATCCACCACAGCCTCAACCCTCCGAACATCCCTATTTGAT,1
GCACTGCTCGGGAAGAAACCCTTTTGGTGCTTTTCAATGGT,1
GCCCCTGATCTATGACAACCCTTTTGACTCAACCGAAGAGA,1
AAATGTAGCAATGGAGAGCGCCAGAAAGGCCGTCAGGGCTG,1
GAAAAAGCCTCCTGCTCACCCTTGTTGCACGCCTTGAGATA,1
TGTGCTACCCACGCTTTACCCTCTTACCCGGCACGCTTGCG,1
TGTCGTACAACCCCAACACCCTTCAGCTATCTTTGAGGAAA,1
TGGCCTGCCGCATAATAAAGCCCCTGCGGCAAACAGGCATC,1
CGATTGCCACGTTCAACACCCTCATTTTTAAAAACCTCACC,1
GAAATTGATTGGAAACTTGGCCAGCACGGCAAACTCACCCC,1
ACCCCTATAACCTTGGCCGGCCAGTCAGGCAAGGGAAGAAC,1
TACAATTTCAAAGGATAAAGCCAGAAAGGCTGCAGAACACT,1
ACTTAAGCATCAATATCTCGCCCGTGCGGCGCTATCCAACT,1
GATCCTGGTCGAATGCAAGGCCACGCGGGCGGATTTTTTGT,1
ATGCTGCCCCGTGCGAGACCCTCCAGGCTCTCCGGTGGAAG,1
ACGGGCATGATGCCTGTTTGCCGCAGGGGCTTTATTATGCG,1
ACCTGCTTGACAAGGTAACCCTCCTGCAAGTTCACCGCTTT,1
TCCCAGGGAAACTTTCCTTGCCGATCCGGCCAGATAAGCTG,1
GAGCGTGACGCACCTCAATGCCAAGGGGGCTGTGGCCCAGC,1
GGGCAACCATTGCTGGAACCCTTTTGGTAAAGACATTGTGT,1
GCGAGCCGTTAAACGAATAGCCGCTGGGGCAGGAGATGGAA,1
AGGAAAGATTTTCGATGACCCTCAAAAACGTGATTTCCAGG,1
GGGCAGCCCAGGAGCGCCTGCCTCTGGGGCAGGTTTCCGGA,1
TTGACGAACGGGGCAATACCCTCGATTCGCTCAATTTTCTT,1
GACGTACCTGGTGGTGGACCCTCTCGGAAACGCCTTGATGG,1
AACCCTTGCGGTTATTGCAGCCGCAATGGCCGGGACCTACT,1
TGAGGTGGCAGAGAGCTACCCTCTGATCTTTCAGGAATGGG,1
TTCGTAATTTTTTGAATACCCTTAAAGTTTTTAATGGAGAT,1
TGCCGGTCAGGGGGTTGGCGCCAAAGAGGCCGCCGCCCCGT,1
GTTGGTCTTGCTGTTTACAGCCTTTGTGGCGGGAGGATGGT,1
CCCCGGCTCCCCAAACGACCCTCGGCGCCTGGGCCAAGACC,1
AACTTTTCCTCTAAATAACCCTCTTTTTCCCCCCTTATTTA,1
TGCATAGACAGAGCCTAACCCTTTCGTTAGTCAACAGATGG,1
CCGCAATCCTTCCATCGACGCCGGGGCGGCCTCCTGCAGCA,1
GCAGAAAAAAATCCCCTACCCTCGCCTTTATTGAACCGCGC,1
AGGTCTCAATATCGAACATGCCGATATGGCATTCATCGAAA,1
GCCTCCCGAAAGACCAAACCCTCCGGAGAGCACGGTCACCC,1
CGATAATAAAAGCACCCACCCTTAGAAAAGGATGGATGCTT,1
ATGCAGTCGAGAATTTCACCCTTTTTGAGAGACATCCAGCC,1
GTAGTTCTCACTCATAAGGGCCTGTGTGGCCTCTTCGGGAT,1
ACAGACGGCGATCCCAACTGCCCCGCCGGCGTACACAAGGC,1
ATTGTGTTGTATCCGAAACCCTCCCCTACCCTTTGACCCTT,1
TTTCGCTCATAGACTTAACCCTCCTGGCTGTTGAGATCATC,1
AGCGCCTTTGCACCGAAAAGCCTGAAGGGCTTTATTTGATC,1
CAGCAGAAAGTTGGATAGCGCCGCACGGGCGAGATATTGAT,1
AAAAACACCCTGCCCTTACCCTTCGGGACCCATCGAACGTC,1
GAAAATTACCCCAGCCATTGCCGGAGAGGCGGTGATCTCCT,1
AACAAAGTAGTGTTCTGCAGCCTTTCTGGCTTTATCCTTTG,1
TTTTTCGCCTTTTTCGGACCCTTTTTTGACCGTAAATGCCG,1
CAATCATTCAGTGGGAGACCCTTCGCGGGGAGCTACTCTCG,1
TTTTATATCTTCTGTAAACCCTTACGGCCGCCCAACCCAGC,1
GGAGGGACCGAGACCCGGTGCCGCCGTGGCAATGGCGTCAA,1
GATCGACGGAGCGCTTTACCCTTAAAGTCATCCTGTTCGAT,1
TCCAAGAGCCAGCCCGACCGCCCCCAAGGCCACACTGATAA,1
CAACTGCTCGGTAGGCGCAGCCATCGAGGCGAGAATACCCA,1
TTTGTCCGACAAAAAATCCGCCCGCGTGGCCTTGCATTCGA,1
GTGAGCCGTGGGAACCAACCCTCTTTCGGAGACTATAAATT,1
AGCTGCTTCTTCTATTAACCCTCCAACTAAGAAAACTCTGG,1
GTGTTTTGGTGACAGATCAGCCCTGACGGCCTTTCTGGCGC,1
ACCATCTCGAACTGGTCACCCTCAAGGGCCAGGCGCAAATC,1
TATCGCAGCAGCAATTCTGGCCTTTGCGGCCATCTCCGCGC,1
TGCCAATCAGGAAGTGATTGCCGAAGTGGCGGAAGGGGGGC,1
ACCGGCGGCAAGAAACGCTGCCAAGGAGGCATTATGTCGAT,1
TTCTTTGGCTTTCTTGCGCGCCTCGCCGGCGCCTTCGCGGT,1
ATGTCAAAGTTTTTTTCCTGCCGGGAAGGCAGGCAGAAAGA,1
GATTGTTCGTCGGTGAAGTGCCACACCGGCCGTCCGTAGTC,1
CCTGTAACAAGTCGACTCGGCCGGGGTGGCCTCCAGGTTGT,1
CCATCACGCGCGAGACCACCCTTCCGGTGCGAGAGCTTTTA,1
AGATCGGTATCCCGAAGAGGCCACACAGGCCCTTATGAGTG,1
GCCTCCATGATGGTTTTTTGCCAGATAGGCACGCAGGGTAA,1
AGGGGATTGAGTTCTTCACCCTCAGGAGCGCTCTTCTGCAG,1
TTATTTATTGCATAGTGACCCTTGTAAACAAAGGAGGCAGT,1
CAGCTTGGTGATGACCTGTGCCGCACTGGCCTACAACATCC,1
AGACTCGGGCTTTCCTGACCCTTACGCCTTTCTGACTTCCC,1
GGCGTCGCCCCGCGGCAGTGCCGAAAGGGCACCACCGCCCC,1
TTTTTATTTAACCTTCTACCCTTTTCATTTTTTCAAAAATA,1
GTGGCCGAGCGTATCAGCGGCGTCGACGAGGTGCGCCTGTT,1
CAGCGAAAGCAAGTAAAGCGCAGTCAGAAATGTGAACGTGG,1
AGAAACTTTTTCCCCCAACCCTCACGCAGGGAATCTTTGCC,1
TCTCAAACAATGACACCACCCTTCTTGCCTTAACATTTTCA,1
CTGCGAGGTCGATGGTGAAGCCGCACAGGCTGGACTCGGGA,1
CGAAGGCGCAGAAGTGGGGGCCGAGCTGGCGGAAAGCCCCC,1
GACTCCACGCCCGGAAATTTCGCTGACCTTGTCGGCGGTGG,1
CCAGCAGAGTGCAGAAAATGCCGGCCAGGCGGATGCGCTTG,1
AGAAAGTCTGCTCAAATTTGCCGATGCGGCTATGTACCGGG,1
CGATGCCATCTTGCTCAAAGCCGACAAGGCTCGCGAAGTCT,1
CGCCACCTACGTTTACAGTGCCGATCAGGCCATCCCACGAG,1
GCGGTCGCCGAACAGGCACGCCGCGAAGGCGCGCCGCTGCG,1
GTGAAAGTGCGACCTTGACCCTTAAGGACAATATTGACCGG,1
AGCATACATGTCCTCCTCCGCCGAAACGGCGACAGATCGAA,1
TATGAATATCTGGAGAAACCCTTCGATGATATCGATGAAAT,1
AAATTTCTCGCGCCAGCGTGCCGGGTTGGCGCCCAGGGAGT,1
GCGTATAAAACTCCTCAACCCTTTCTTCACGATACTTGCTC,1
CGGCTTTTTTCTGAAAAATGCAAGAAATACAAAACGCCTTT,1
CCCGGGAGGGAACAAATTCGCCCTGGGGATACTTGAAAGTT,1
CCCCATCGGAGAACAAATGACCAGAACTTTATGCTGGGGCA,1
TGCCCGCAAAAGTATTGTGGCCGCACAGGCTATTCGCAAGG,1
TCTTGACGATGCGGTTCCAGCCGAAGTGGCCCGAAGCGATC,1
AGATTTGGTGGTGTTAATCTCGTGACGTTATTTCCGGGTTA,1
CGGGTCAGGGGCACGGGACCCTCTTTGCTCTCAGATCGGGC,1
TGTTGTCAAACAGTCATACCCTCATAAAATGAAAAGGAGAA,1
CCATAGCCTCGATGCGCACCCTTGCATCTTCAATCTGGCGA,1
ACTATAAGCATGTAAAAACCCTTGAGTCATTGTTGGGCCTA,1
TGGACAAGACAGAGCCGACACCCTGACGCGGTCCACCCCCC,1
ATCCGAATGCGGACTCGATGCCTGCAAGGCCATTTCGCGCG,1
CACTTATATTGCTTTTAAAGCATAGCCGGACTTTGAAACAA,1
TTCTACGTTAAAAGTATCGGCCGCGACGGCATTGCCTGACC,1
TCTTGGGCTAAACACACACCCTTGCACCAAGAGAAGAATAC,1
TCACTCAGTCATTGACTTTGCCGCGCAGGCTTTTTATCTGA,1
CATTTTCTTCGGAGTCTCTGCCAAAGGGGCTCTGACCCAGG,1
CCGCCTGGAAAAGATGATTGCCGACAAGGCTGGGGAAAACG,1
TGTATCAACGGCTCTTGACCCTCCCTGACAGCAACGGTAAA,1
CGAGAATATCGTTAAGAATGCCCAGCAGGCGCTGCCCGGAC,1
GTGCCGAGGAAATAGCGACCCTCATAGATGGTGTTGGCGCG,1
GTGGTGGACAGCTACGGCAGCCGCGAAGGCGGATTCGTCAG,1
CAGATGGGTTCCCTGAATGGCCAGGGGGGCTTTTTCACCCT,1
TGACGAATTCCACCTGAACCCTTTTGCCGTTGCCCAACGTG,1
CTCTAACTTTTTTCGATACCCTCCCGAAGAGTGATGAGCCT,1
CGATCAAGACTTCTCCACAGCCGGTCAGGCGACGGTTGTAG,1
AAAAACGTTGTCACGCAAAGCCGCAAAGGCGAAAAGAGAAA,1
ATGAATACCGCCATCTTCAGCCGCAGCGGCGGCTACATGGG,1
CGACTCGTTGGCGGCTTTGGCCTCGCGGGCCGCAGCAATTG,1
TATTAGTCCAGTTCTTCACCCTTGTAAACCGCCAAATTGCC,1
AGAAGATGGAATTTCCCACCCTCTGGGTGCTGACACGGGAA,1
TGGGTGCCCTGATCCAAACCCTCATGGCAGGCCAGGCACAC,1
TGCTGTTTTTGTTTTCCCTGCCGTGCGGGCCCTGATCCGCT,1
TAGAGGGGGTTAAAACGACCCTCGCAACCTACCGCCTGGCC,1
GAATCTCGTTCGACAGGACCCTCGGCATATCCCGCACAGGC,1
AATAAATCCGAAAAAAAACCCTTCGTTTTCTACCTTCACCC,1
ATGGTCAAGCCGCTGATACCCTCTAAAGAATCCTGGTAACT,1
GGTATTCCAGTCGAAAATCACGGTCAAAGGAATTGTTGCGC,1
AGCGCGACAACACCCAGACCCTCGAAGCGCGTGACAAAATC,1
CCAGAATCCGAGAGTAAACCCTTTAAAACTGACGTCCGCCC,1
AGGAGAATCCTGACTTCACCCTCAGATTCGGTTCGATATCT,1
TTGTCAAGAAAGCTGCGACCCTCCTCGTGCTCGTCCAGGGT,1
CTGAACAGGCCGCAAAGACCCTTCAACTTAAAAGCGACTTT,1
AGCAGATCCTGGATGAGACCCTCCAGGTAGGCCGACTCCTC,1
GAGTGGGAAATCAGGATCAGCCCGTAGGGCAGGAAGGCCAG,1
TTTACTGCTCCCGAGTCCAGCCTGTGCGGCTTCACCATCGA,1
ACGCTGTTTTGGTGCAAACCCTTTAGAATTTGGGTGTCCAA,1
CGCCGCTGGAGACCAGGGTGCCGAGGGGGCTGGTACTCCAT,1
TCCGCGGCCCGGGTTCCACCCTTAGAACTTTCCCGACAGGG,1
AGTGCATGGGAGTGCGCACCCTTAAGGATGGACGAGTGGTT,1
GTCCACGTCTTCAAATTCGGCGTCGACGACATTGTCATCCT,1
CGTCAATGAGTTGCGGTACCCTTCTGACCTGCCGGCTTAAA,1
GGCACGGCATTCGAGACACCCTTTGGTTACTCGGATCACAC,1
ATCTTCGGGCTGTTCGTGAGCCAGCCCGGCGAAAAGCACAT,1
AATTTTTATTCTTATAAGTGCCGGCATGGCTGTTGCCGCCG,1
AATATTCAGGCCCGATCCCGCCAGCAGGGCAATCAGGCTGT,1
AGGATATGAGGAAACGCGCGCCGCTGTGGCGCAGGTGCTTG,1
CTATCGGGAAATCTTAAACCCTCGGGACGCGGGACGAGGGA,1
CTGGGCCACCACATCTTCCGCCGCCCGGGCACGCCCCTGAA,1
CGACCAGGTCGCCATTGAAGCCAGTGCGGCCCCCGAGGTCC,1
AGCCTGTAGAGCCAGAACCTCCGAAAAAAGAGGAGGCGAAG,1
CGAAGTGAGGTTTTTTATTGCCACTAAGGCGCTAAGACTCT,1
GCAATCGGAATTTTCCCGTGCCAGCTTGGCAAAATTGCCTG,1
AAAAACTGAATCTGCTTCAGCCTCGTCGGCAACAACCACAG,1
GGTGTCACAGCCCAGTCGAGCCATTTTGGCAGGACCTCGGG,1
TTTTCTGCAGAAGAAGAACCCTCATCTCCGGTTCCGGTCGG,1
TCAGGAAATTCAAGAATTTGCCAAAACGGCCGGGGTCACGA,1
AGGCGCGTTTTGGTAAAATGCGCGGGTGTACCCAGAAGATT,1
TGAGGGCAAGCTAGAGGAGGCCAGGAGGGCCTTGCAGATGG,1
GGCTGGGCGATGACAGGACCCTTCTCGAGTCGCTCCCCCTT,1
CCGTTGATCTACTCGAAACCCTCAAGGCGGAAAAACTGCGG,1
ATAGAGCCTCAAAATTTTCGCGGCCACATCAATACCCACTT,1
ATCGACCCAGACGCCCTGGGCGTCGACGTCGAAAACCTTGC,1
TCCTCGATGCGATGACGGCGCCAATGGGGCTTGAGATCCCC,1
TGAGGGTAAAACTCTTGTCGCCACGCTGGCCTGTTACCTCA,1
GCGGTTTATTTTGAGGTTTGCCAACCGGGCGATACGGTCCT,1
AAGCTCATCCTCGTCGACCTCTTCGCGGCGGGTAAAATTCT,1
AGTGGAAGGCTTTAGGAAAGCCGTTGAGGCCTCTCTAAAAC,1
GGCCAAAAATGCCCAGGAAGCCCATGAGGCGATCCGCCCGA,1
AACCCGCGATGGGATTGATGCCGAGACGGCGGTTCCGGTTC,1
TGTGAACCCCGTATCGGCAGCCCCTCAGGCCACCGTTTTTT,1
AGTTTGATGTGGAGATGACCCTTCCCGCGCCTCTCGAAATG,1
CGGAGGGCGGTTTGTCTATGCCAATGCGGCGGCGCGCGAAC,1
AACGGTGTATGACGTCCACCCTCTTCCTTGGTCAGAATGTA,1
AATACCTGCCTACCATTGCCCTGGAAGGGCGTTACGAATAT,1
CCACAGCAGTTTGCCGGACCCTCTTGCCACGGAGAAACCCG,1
GTTCTACGCCAACGATGAAGCCGCCCAGGCCACCTATCTCA,1
TCAAAACCTACCATAATACCCTCAAGATGGATCTGTTCCTG,1
AGATCGGGTGGTTGTTTACCCTCAAGCCGATGGAGCCCAAG,1
TTTGAAATCCAGTCCTCTGGCCGCTGTGGCCCTGACCCTTA,1
AATCACTAAAGAGAGGGTAGCCGGGCCGGCGGAGCGGTCAA,1
GTGGTAATGATATGATTACCCTTGTCTCGAAGAGCGGCCAC,1
TTGGACAATGGATTTGCCTGCCAGGCGGGCAAAATAATCGA,1
TTTCGGTGGACACTAAAATCCAGTGTATGCCTCGACGGCAC,1
GGCAAAGAAAATGGGAAAAGCCACCATGGCCGCGCCGATCC,1
TCTTTTTGACGACAAGATCGCAGTCGGAGAATCCGCGATTT,1
CGGGAGGTGGCAAGGCGGCGCATCGACGGCGTCATCCACTA,1
AGCAGGATTAATCGCTTACCCTTATAAACGAACTAAGCTTA,1
TATGATAAGTACTCTGAACCCTTGGGGTTGGAGGGCAAGGC,1
TGGGCGGCGTATTGAGAACCCTCATGTCGATGAATTTCGGG,1
TCAACGCAATCATGTAAACCCTTCGGTCCAATCCATAACAA,1
TGGCGATGGGATGACCTACGCCTTCGAGGCCAACTGTACCG,1
CATCGAAAAATCCCCCTATGCCTCCAAGGCGCGCTGGCCCG,1
GGTATTTTTACTAGCATTTGCCCTCTTGGCGCCGTCAAGGG,1
TACGGGGTATGTTCTCGACCCTCACACCGCGGTGGGCGTTC,1
GTACCGCCGCCGGTAGAACCCTCTTCCGCACCGTCGCCTTC,1
CTCCTCGTCGAGCTGCATCACGATGACGCCGTCTTGCGCTG,1
GGGCACGGTGACCATGAACCCTCCCGAAACCTATTATGTGT,1
TGAGGCTCTGGGCGCGGTGGCCATTGCGGCGATTCTGTGGC,1
CGACCCTCTTTTCCCCAACCCTCTTTTCCCCTCTTCAAATG,1
TTTTTAAGGGCCTATACAAGCCGCAGGGGCAATTGGGGGAG,1
CTGGGTTTCAAACATGTACCCTTTGGGGAACAGGGGGCGCA,1
ATAATTTTCGTTGTTTCACCCTCATGGATATCAAAACCCTT,1
CACCGCCATGGTATCCTGCGCCTTGAGGGCCTGCCGCATAA,1
GACCTTCCCGACTTCAAACCCTTCAAAAGTCTGCCTGCGCA,1
TACAGAAGGGATGGAGGATACGATGACGGAGTCGAAGAAGA,1
GAGACGGGGAATATAGGTCGCCATGAAGGCAAACGGAAATT,1
GGTGAAGCCGACATTCATTGCCAGCACGGCCGCGAAAATAG,1
AGGATTCTGAGCGAAGAGCACTGGGACGTTGTCATCCTGGG,1
GGAATCCCTCATAATTATCGCCGGGCAGGCCGTAGATGATG,1
TTCAGGAAGGGTGGCAAACCCTTTGCACTATCTGCAGAGAA,1
TAAAAAAGGAATTATTCTCGCCGGCGGGGCCGGGACTCGTC,1
GAGGGAGGATCAGAATCACCCTTCAATTTTTCCCCAGTCGA,1
GCCACTCCCAGCAGCTCACCCTTGGCTTTTTCATAAGGAAC,1
GGGGTGGCTTTTTCAGCGCGCCAATTGGGCATCAGGGCGAC,1
CAGGAGCAGGCAGAGAAATTCGTCGACGCATACGGCTATAA,1
CCAAGGCACGAAGGAAAAACCGCGAAAATCAAAACCCCCTC,1
AGATCGTACTTACCACAACCCTTCTGGTATGTGCCGGTCTG,1
CGACAATTTTACCGGCCACCCTCTGAAAGGTCGTTTCGTCA,1
GTAGAGAGGGAGGTCATACCCTTTGGACCGCAACTCCTTGA,1
TGATGTCAAGGAGTTTTATGCCATCAAGGCAATCCTTGAAG,1
GGTGTTTGGCTGCATAATCTCGTGACTTGAGGATTTTCTCT,1
TCTGCCCGCTGGGGACCACCCTCGATGGCATGGGGCGTCTG,1
CTAACCAGCGAAGTCAGTCGCCTGAGAAAAGAAATCGCCAA,1
AACTGAAACATCTAAGTACCCTCAGGAGAAGAAATCAATTG,1
GAAACCCGATAAAGCGACCGCCTCGCGGGCAAAAGTGTTGG,1
CTTGTGGCGGGCCGGATAAGCCCGCCTGGCTGGTCAATGAT,1
GATGGGAAGCCCCAGGGTCACGTTGACACCGTCATCGAAGT,1
ATCGGGGATCAGCGTGCGCGCCAGTTCGGCGTGGGGATAGA,1
TCGTAATACATAACAAATTGCCAATCAGGCCTTAACTCAGC,1
CGCCAGTCATCCTGTCCACCCTTGCAATTATCGTGTCCTTC,1
GTGGTCTTTTGGTCGGCACCCTCAAGGGAGAGAACGGTTCC,1
TCTGTCTCTCCAACACAACCCTTTAAAAAGGACGTTTTTGA,1
GTAGAAAGGATTGTCAGGCGCCACGGCGGCAGGGTGTGGGC,1
CCCGCCGCCCTTGGCTTACCCTTCACGAACAGGAAAAGCCG,1
CTGAGCCACACCAAGAGACCCTTTAGGAGCAAACCCCATGA,1
TCATCATTCTCCTCAGCACCCTCGCCACTGAAATAAGATAG,1
TTCGCAACCAGTTCCAACTGCTGCAAGGTGGGAGTTTGCGC,1
AAATTAACTTTTAGAATCCACGAGAATTCCGTTTTTCTTTA,1
GATGCCGAGTACGGCTTTTGCCTCGGTGGCAATCTGCGGGC,1
AAGCGATTTCAAAAAGTACCCTCATCTCAAACCAGACTTCG,1
GCGCTGTTCAAGGGTGACTACAAGGACACCGTCAAGGAGCA,1
AAAGAGCGAGGGGAAAATTACGGTTGAGGATATTTTGACGC,1
TGAACCAGAACGGTTTTACCCTTGTCGAGATGTTGGTGGCG,1
TGCCTTTCGATTTAAAGACCCTTCTTCCCTGAGTCGATTTC,1
ACGCGTTACAGCACACCACCCTCCTTTTCGTTGGAAATAAC,1
TGCAGGAGTAGAAAATTTTGCCGTAGCGGCTTTTTTTCTCC,1
CACACGTCCCAACACTTTTGCCCGCGAGGCGGTCGCTTTAT,1
ATGAGTTCTGAAGCCGCACCCTTGCATCATAAATTTTTTAC,1
GTTGCCCCACAAATAAAACCCTTTTTTATTTGTGGCCCGGT,1
CTCGGTGGTATTCTCCGCCGCCAGCCCGGCCAGCACCAGCG,1
CCGCGGGGTGAATAGATACCCTTTCTTCCAATAATCCAAAA,1
AAAGTACCGCGTCGAAAATGCGCCAACCCTAATGCTTGAAG,1
TTTTGTAATTTTAGTGAACCCTTTTGGAGGGCTGGCGGGGA,1
TTACAATCCCCTAAAAATTTCGGGAATTATAATTGTCGCCG,1
GTATAGAAATCTCAACAACCCTTAACCCCCGAAAGAAAGGA,1
CCTGCGTGAGCGGGTTCGTGCCCTTGAGGCTGAATTGGAAC,1
ACTGGAACAAACAGGCACCGCCGCCGCGGCTGTCCGAAGAG,1
GAACGCATGCGGCCGCGCAGCATTGACGAGGTCGTCGGGCA,1
AGGAAAAACCGCAGAGTACCCTTTGTGTGAGGTTAAAGCAG,1
GTCGAGGTCCTGAAAAAACGCCGTAACGCCGTAGGGCGGAA,1
TTTAATCCTCGGGCAGCACCCTCTGTGATAACTACTCGTGG,1
ATGGGCGAAAGCTTCCTTTGCCTTGAGGGCGCCGGAACTTT,1
ATTACGTCCGGGTCCTGGCGCAGAAATTCTCTCAAGGCCGA,1
CATCATCACCTCGCAAAATGCGCGGTTGATCATGTCCATTT,1
TGAACATCTCATAGAAATCGCCCAAACGGAAAAAGAGAATC,1
ACCTATGTGGTGGAAAAATTCAAGGACTCCTCTTTAGCGGG,1
ACGGTCATGGTAAAAAACCTCCTGAAGTATTTTTTTTGGCA,1
TAGATATGGCCCTTGAAATACGCCAACAATTAAAACTGAGC,1
CGACACAACGGCGCTGAATGCCTGTCTGGCGCGAATTGCAC,1
CTGAGGAATTCCGCGCCACCCTCGAATCCAACCTCGAGGAG,1
CGGTATTGCTTGAGGTTGGTCGTGTTGGATAAAAGGCCCAT,1
CTCGCCGATAAAAAAAGTAGCCCGAAAGGCCGATCAATGCC,1
CCGAACTCCCCCCTCCCACCCTCCCCCCGCTGGGGGGAGGG,1
TCATGACCTTGTATTTTTTGCGCGAAAAATCGTAATCGAAA,1
GTTGTAGAACTGGATATATGCGTCGACCTCGTTGCCCTTAC,1
GGTCGTTGCCAGGGCGAAATCAGGAAATATCTAATCTCCCA,1
ATCTGGGGACCGTTTCACAACGGCGACGAAAGTGATGAATA,1
CGATTTGCGCGCTGATTTCGCGTGAGAAAAACTGAACATTC,1
AGTTCCGTATGGGAGGAAAGCCATTCCGGCTCGATTTTGGT,1
TCCCACCAGGTACTGCAGCGCCTCTTTGGCGGTGCGGCCGG,1
CCTGCATATTTTGAAAAATACGGTAAAATGTGGGGACAGCC,1
GGCGTACTTGGTATGCTCGGCAGAGACGATGTCACGCATGA,1
AACAATCCACGCGCAGGATTCAGGAAATTCAGCGAAGTCGC,1
CGGACGGCTCGCTGGAAACCCTCGACGAGGGGGGAGGATTG,1
TTTGAACTCCAGATACTCGCCCGTAGCGGGGTGAACAAAAC,1
GACCGTAAATGAGCGCGGCGCCTGTCCGGCTTTCGTCACTT,1
TTTTAAAAGAAGTTCAGGCTCTTGAAGAGAGCGGACTGGTT,1
CTGAGGCATCAGAAAAAATCCGGTTTGAAAGGGGACGCTCT,1
GAATTAAGGAGGTCGAAAAGCGGTTGAATGATTCTAATGTC,1
CGAACCCTATTATCCAGAAACGCGAGCACAATCTACCCTCG,1
GAGAAAAATTAAAAAAATGGCAGGAATCAAGAAACTCTCGA,1
CACTCCATCCTCTTTAATCGCGCTGGAGTAAAGACCGGCAT,1
GCCCTGGGGTAAAAATCACCCGGTCAGCTGCACCTACTGTG,1
GTTTCGTCCCTTCGTTCTCGCGTCGACCTCGATTGGTCAGG,1
TCATGGTAGTCAATCGGCGGCAGCGATGTCAAACAAATTAA,1
GCACCCGCCGGCCACTGTCGCGTCGACCCACTTCCACGGCT,1
TAGGGGGGCTGGCCCTGCCCCCAAGGGGGCGGGCTGGAGTT,1
CGTTCATTGTTCCGAAAACGCAGCAGATTGTAGCTCGCCCA,1
TCACCCCCGCCGAAAAAAAGCCCGACCCATCAAAAAAAGCA,1
AGCGTAGCCTTCAAGGATTGCCTTGATGGCATAAAACTCCT,1
CCTTTTTCAACCGCTTTTTGCAGCAGATATTTAAGGTCCAA,1
AAAAGATAAGGCACCCCCCGCTTGGGGTGCGTTCAACAAAA,1
CGTTTGCGGTTTTTGAGTTTCGGGGATTTCGTAGCGCTCGC,1
GAAAAGGGCGCCCGAAGGCGCCCTTTGTGTTTATCCAGCCT,1
CAGGCTTGACGAGAAAATTCCAGGGATTTACATCCTACCAA,1
CAAGTCGACGCTGATTTCCGCCGTTTCGGCGGCGCGCCCCA,1
AAGATGTTGCTCGGAGGAAGCCCCCATGGCACAGGGGTTTT,1
TTCAGGCACAGCTGCAGGCGCAGGAAAATAAAAAAAGCGAC,1
GTAGTACTGCTTTAAAAACGCAGCCAGGAGTTCATCCTCGT,1
TGTTTTCTTTTTAAATTTTTCAAGAAGGGTTTTTTGATGAA,1
GAAAAACAACGTAAAAAACCCTCTATTTGTGAATTAAAATT,1
TTCGTAGTAATTGAACGCGGCCCTGCTGGCATCAATGCCAG,1
TGTTTGCTGTGGCTAAAGCGCGCGCAGGATCTTTTGACCTA,1
GTGCTATATTCGCCAAAGCGCGTTTTGGCCTCCGGCGCGGA,1
TTTCTGGTCCACGGAAAGCACGGAAAAAATTCAAAATCATC,1
TGCGCTGACTTCGATAAAATCGTGAAATTCTCCAGAGGCCA,1
CATCCGCCAGGCGAAAGGCGCCATTATGGCTCAAAAAAGGA,1
AATTTGTCTCTAAATTTATGCGGTTGGGGGCCGCGTGAACG,1
GATTTGACGTTGTTGGCTCGCAGCAACTCCTCGCTGCTGTA,1
CGCCTTGACCTGGAAATTCGCCGCAACAATGTTATTTACCG,1
CCGGAAATTTCCCATCAGACCTACGATGCCATTCGTGAAAA,1
GTTTTTCCTCTTCCCCTTGACAGTGTCCCGTTTTTTACGGG,1
AGAAAATAAAATAAGAAATACATTGGTGGGATTTTTTGTTT,1
CGCCATTGTGGGTGGAACCGCCCGAGGGGCAGCCGCCGGTG,1
ATGGTGGAGCGTGCGCGGCGCAGTGTGTTGTTGAACGGACT,1
AAAAAACAGCGAGGAAAACTCCCGAGCTTTCATGGATAACC,1
CTTGGTGCCGACATGGAACGCGTCAGGGAATGAAAACCGTC,1
TACACCAACGTGTTTAAACGCACGATCCCGAATGAAGCGGT,1
ATGGAATATCAGTAATTTTTCGGCATGCCTGAATTCTCAGG,1
GTCCATGCAGAAGATGGACCCTTATATCAACGTGGACCCCG,1
GATCTATAACCGTCTTTTTGCGATAAGGGAACATCAGTTTT,1
TGTTGATGTGAGCCCATTTCCGGCTGAGGCAAAACAGAGTT,1
AGGAGATTGATTTCCCGACCCTCGAATATATCCACACCCAC,1
TCGAAAAAGTCGGTTGGTCGCAGTCTCAACCAGGGCGCGGG,1
TGCCCCGACACACTTCCCCGCCATGGTGGCGGGTGTCGAGG,1
TTTAGCCGCATTGTGATTTGCGTTAAAATTAATATAAAAAA,1
GGGTGATTCGGAGAGAATCGCCGCCGAGTTGAAAAAGCACG,1
AAACGCCGCGAGGATCTGCGCGGCCGCCTTGATGAGCTTAA,1
AAATACGTGGGGTTCAAGCCCTTGAAAAACATTCGCGAAGC,1
AATAACCGCAAGGGTTATGGCCGCCATGATATATTCTTTCA,1
AACAGTAGTTTCCCAGGAATCCAAGGTCGTGCATGTGCATA,1
AGCCGATATGGTGGGTATCACCCGACCCATCACCAAGCACA,1
GTGCCAAATTGCAAAAATTTCGTTGGCGGTTAAACTTTTTC,1
CCGAGAAGAAACCCCCACCACAACCAATGCGGTTTAGTGGC,1
GGTTTTTTTGCCATATTTTGCGTTCGTGAAAAAAAAAGAGT,1
TCTCAATGAAATAAAAATCGCCGTTCTGGTCGAGAAGGAAC,1
TGTTTACCGCAAAACGAAAGCCGTAAATTGATTGATACTGA,1
TCTACATATTGGGCTTTTTGCCTTGACTGCGTCCATCTCTA,1
ACCCGGATCAACCATAGACCCTCTCCCCTTCTGCTGAGGAA,1
TTATAAAAGATAGAATGCCACGCGCAACTCTATGATTGCCA,1
AAGGATTTTTTGGAATTTCGCGGTCAGACTGGTATCTATGG,1
GCAGATCTCGCCGGGGTGCGCGCCAACGTCTATGTGGCGGT,1
GAAGACGCAGCCTTTATTCGCAAATTAAGCGACGGAGAACT,1
GACTTGCGTTTTCTGCCCGGCGCCGGTGTATTGATCGTAGG,1
TGGTTTTTCTTCGTTAGCGACAGTGATTTTATCCTCTTCAC,1
CCCGCAGTTTTTGATAAATGCGTTGTCCTCATTTTCGTCGC,1
GTATTGGACGTTCGATGGGTCCCGAAGGGTAAGGGCAGGGT,1
TGGGAACCCGTAGAAGTCGACCGATTCTTCGCCCTCATAGA,1
GAAACCGGTGGGGCCATTTGCTCCTGCGGAAAATGGGGTGA,1
CCCCCGCACGGGGGGCGACGCCCTAAAAAGTAAATGGATGC,1
TTTATTCAGAGGAAAGTTTGCGTTTTTTCTAAGATAGAATG,1
CTGCAGAAGATGAAAAAATTCGAGAACTGGAAGGATTCGGT,1
TATGGTGGCAGAACTTTTATCCCGAAAATAACACTTTGGCC,1
ATCAGTATATAATGAAAATTCATCAACAATAATTTTCCAAA,1
CCTTGCGCAGGCTTTCAGCGCGGCGTTTAAACCCGTTAGTT,1
AAGGCCTACCATGATTACTTCATCGACGAAGTTTATGAAGC,1
TTCCGATCACCTTTTTAAGGCTTAAATCTCCAAATTCAATG,1
GATGGTGCAACCAAAAAACGCGGAACCAAAATTACCTTCTG,1
GTCATAAAGCCTCCTCGGCGCGGAAAAAGCGACCCCATACG,1
CCGAAAGTACCACCATCGCGCTGTGATGGTAGTCGTCGTTC,1
GTTGGCTGCAATCTGCTCCGCCGTCTGGGCCGGGGTAAGAA,1
AATGAGGGAGAAAAAAAAAGCAAAAAAAAGAAAAAAATCGA,1
TTCCAAGGAAGATATATTGGCAGTCAAGAAAAAACATCCTG,1
TATCTTAGAAAAAACGCAAACTTTCCTCTGAATAAACCTTT,1
CCTTTGAGGAGCCTTTTTTACGTTAAGGAATAAGTCGACGA,1
GGCGGGTGGTCTTTAAAAAACGGGAGAGGTGAGCAGGTGGA,1
ATTTTAATGGCCTTTTGACGCGGCCAGGATTCCCAAGTATC,1
TTCTGCGTATGGGCGACACCCTTCAGTGGTTTAAGTACATT,1
ATCACCCTTTCTTTTAGATGCGGCTTGTGTTTTTGAGACGT,1
GATTCCTAAGCGTGATTTTGCAAGAGAGGGGCCAAGATTGT,1
ATCTCTGCCATAGCGACCCGCAGTTTGCCGAAGACGCAGCC,1
CTATTTTTGGAACAACTCCTCACAAAACGCCGGTCAAAAAG,1
ATCCTGATCATAGGAAATGGCGCTGACCTGAAATCTCGTTA,1
AAAAAAGAGACCGCTGCGCGCATGCAGGAGGTCTTTGCCCG,1
CGAAACGGTCGGTCATATTTCGGCCGAGACCATAACCCGGT,1
CTGAACTCTACCAATTCACACCGTAAAGCCCCGTCACTTCA,1
TGTCCATAAGTGGGAAAATGCTTGAAAGTTTCGACGATTTT,1
GTGTTAATCTTGGGAAACTTCCGGTTTAGCATCGTTTCAAG,1
GTCGCGGGCCAGTGTGTACCCTTCCCAGGAATTTAGGTTAC,1
AGAGTTTTTGTTTCAAAGTCCGGCTATGCTTTAAAAGCAAT,1
TAACCTGCAAAGTCATTTTCCCGTGGTGGAGACCTTCGACC,1
GTCATGCGGAGTGCATAACCCTTCAATTTTGTAGCACTGAC,1
CAGGAAAAAGAGATTGAGCGCATCGGTGGTAACCAGAAGAT,1
CGGACGTTGTAGTGCTCCGCCTCGATAAAGGTGCCGTCTTT,1
TAAAAACATACAACAAATCGCATGAAAAGCATTTGAACGGC,1
CCTGGATCTCATCGAAAAAGCAATAAACCTTCTCGGCATTC,1
TAGCGGGGCGTTTTCCCCAGCCTTGTCGGCAATCATCTTTT,1
CAATCCGAACGCAATAAATGCACCAACAAACAGCCTCCTTT,1
TTAACCTTTTCTTCTAAAAGCGGTTCAAATAATCGCCTTGT,1
ATGGGTGATGGCTTTAAGTTCCGTGAAGGCGAATGAGCAGC,1
CCCGGGCCGATGCCCCAGAACTGACTCGATGAGTCAAAGAA,1
CACCAAGGGAACGGTGATCGCCCAAATTCCCCAGTCGGACC,1
GGGATCAACCTGATTATTCGCGGCGACGATCACATCAACAA,1
ATGTTTCCCAGCGGCAAAGTCGAAAAAAAACGGGATTGGGT,1
AAATATGCCTCCACTGGCTTCGTGGAGAAGCGGATTTTCCC,1
TGTCCTGGTCGCGCTGGCCGCGGCCGAAGAAATGGAGATGA,1
TACTCATTTTTGGTGAAGCGCCGTTTTTCTCATCAAACCTG,1
GGGATTTGCGGATGCTTTTTCCAAAGCATCATAAAACCGGC,1
TTGGCTTTGCAATAAAAATGCCGCAAGATTTAAAATATGCA,1
ACAGAATCGAACTGCCGACACGAGGATTTTCAGTCCACGGA,1
AGGTCCTGCGTCGCCAGTTTCGTCAATGAAAAATTCTCTAT,1
TGTGGTCAAAAAGAAAAATCCTAGCACAAGCCGGAGCTGAA,1
ATCCCCTTAAATCGTCGCCCCCCGTGCGGGGGCGTGGATTG,1
GTCCTTTACTTTTTTTCGTGCCTTGGTGGCAAATCTTATTT,1
AAGCGATTCAACCCAGATTGCCGTATTGACGATTCCTTCCC,1
GGGGGCATACGGTAAAATTGCGCGCTCCCCCCTCCCAACCT,1
TGATACTGCAGGGGCAAAAGCGCCAATACCCGCGTCTGGCC,1
AATTATCTGAAATATTGATGCGATCGCGACGAAACTGCCGG,1
GCTGAATACTAAAAAACCCGCCTGTTTGGCGGGTTCTTTAG,1
TGCTTCCCGAATAAGATTGGCGATTTCGAGAAAACAGGAGG,1
CGAAAATACGCCACGCGGAGCGGTCGTTGAATTGATGGGTG,1
ATGGCAGGTCAGACATTCCGCTTTAAGCTCCCCTTCAAGGG,1
TGCAAGGAGCCCAAGCAGCCCCATCGGGTGTGCGGCACCTG,1
CTTAACGAGGAGTATTTAAGCAGGAACCCGATAACAGATGA,1
GTGTAGCCTCCCAGCAAAGTCGAATTGAAAACTCCAACAGC,1
TCCACCTCTGATGTTATTTCCGTTAAGCCTTCTATCAATAG,1
GCTGCTTTTGAAGAATTTGGCCGTCGCAACGTAGGATACCA,1
TTCGCCTGTTGTCGGGGATTCCGTAAGGTCGGTTTTTGGAA,1
GCCCATGACCGTCGCAAAAGCGAAAACGAGATTGTTGCCGG,1
TGAAGTGACCCCCTATGATCCGCGCTCCCCGTATTCGGCCA,1
GGATTCGGAGCCACCGATCGCTGGGCCGCGTTTTTTCGTTC,1
CCGGAATGGTGAAGAAAAAGCGGCTTCCTTCCCCCTCGGTG,1
TCGACCGTGGCCTCGAAGCGCAGTTCCCAATACGCATGTTT,1
CAACATTTTTGCTCCGATTGCGGTTGTAGAGCGAGTCGTCA,1
CTTTGCCATGCCTTGATTTCCTTTCGATGTGTTTTTTGGTT,1
GGAAAAGCGGGTTTTTTTCTCCATGAATTATACCTCGACGG,1
GGCACACGCCACAAATCAAGCGGGAATAACTCAGTGGTAGA,1
GTCTCCCCGAGAGGTTTTCGCCGCAACACAGAAGGATCTGA,1
CTCGGCAGAAAGGATGAGAACATGAAAGAGAATGCGCCGCA,1
GCCTTTATTATGGAGCGATTCCCTGAGTGGTACAAAAATGC,1
CCCTCGTGGGAGGCAACCGGCGGAAAAATCAGTTTACACCC,1
ATCGAAAGTGATTTCATCCACAGGAACGAAGGTGCGATCTT,1
TATGACACCATTTTAAATTCCGGGACATGTTCCTCAGCCTC,1
ATACATAAAATCTGAGATTTCGCTAATTTTTATAGACAGTC,1
AACCGATCGTTTATTTTTTACCACAAACAATAAACGACATC,1
GAAATTTGACCGGATGGTCGCGATTTTCCCCCTGGGGGAAG,1
CGCGCGCGCTCGTGGTGGCGCCGTTTTGGGTTCCTCTTTTG,1
AGTCTTTTTGTAAACCAGCCCCCGCTCCAGCATTTCAAGGA,1
GCCCAGCGCAGCGATGAAATCCGGTAGGGGCGAAAAATTTT,1
CGAGATCATCAGTCATTATGCTGGAACCTACAAACTTGAAG,1
CGTTTCGCACCTGGCTGGAGCAGCAGGACAAAAAAGAGCGC,1
CCAAAGCTTCGACTGAGAAGCAGTCAGTCTATGTTCGGCTC,1
GCTTAATGCCAACGTCATATCTTGAATCACGAAATGCATAA,1
AAATTTCCCGCCGAGGAGCGCAGTAAACTGGAAGAGACTCT,1
CCCGCTTTGTCTACCAGAGGCAGTTTCTCGAAAGCGGGTTG,1
AGAATTCCTCGTTTTGAAACCCCGAGAATCTTCACCCATTC,1
AGAAAAGGGGCATAAATGTCCCGCTCCCGAGATTGCCGAAA,1
CGGCTGCGAGTCATCAAATACCGCAACTATATCAACGAGCA,1
ATTTAATGAAAAAATGGGAGCCCTGTCGACATCGCGTATCG,1
CCACCAGGAGGTGGGCGATGCAAGAGAGGAAAGACCGAGAG,1
TTGCAAGAGAGTAGCGCAGACTTCAGGGCTTCTTACTGTCG,1
TGAGATTATGCAGGAGATTGCCGACATAATCTTTTACCTCT,1
GGCACATAAGCACCAAGTCCCAGCAGCAGAGAAACCACCGA,1
GACATAAAAGCTTTTCAACACGAAGACACGAAGGAGTCACT,1
TTCAACGATATCCGTGGTTTCACCGATGGAGCGGCTGAAAA,1
TGGTAGAATTCGCGTTGGATCATGTACGCTGTTTTGGTGCA,1
TTTTTTGAGTTGTGGAATCACACAAACAGAGCGGATGCCGA,1
TGCATATTTTGAAAAAAAACCGATAAAAACCTTTTTGTCCA,1
TTCATCCGGTTGAGACAGCGCAGAAACGTTGATTTTCCGCA,1
CACTTCACGGCGCGTTTTTACTAGAACATCTTTGGAAACCC,1
GAATACGTCTTCTGGAAAAACACAAAAAAAGCCCGGCAATT,1
AAAAAAATCGGGTTTTTATGCAGTGACCGTGAAAAGGTGGC,1
TGCCTTACCGCTTGGCGACGCCCCAATAAAAAACACAACAA,1
TTGAAACACCTTGCCTTTAGCATCCATTTACTTTTTAGGGC,1
CTCCCCTTTACTTTACAGCGCAGGGGAGCATCGATTACAGC,1
GGAGTTCCAGGTGAAAAAAGCGCGAATAATCGGAACGGGAT,1
CCCCCATGCGCATAAAAAAGCGGTCGTACCATCCACCGTAC,1
CAGTCCATTTACGGCTGGCGCGGCGCCGATCTCGGCAATAT,1
GCTCCACTGAAGATGGTGTGCGTGTTTTGGATGGCTGGCAG,1
GAAGGAGATCTCTACGAGAGCAAGAAAAGAAGATTGTTCGT,1
TTCATCGGCGTCATCAATCACAGGGAGGAAGAGTGACATGA,1
ATAAATATTCCATAAAATTTCTGCTCCGTTGTCCATCGCCA,1
TGGTTTCCTGGCTTCTTTTACCAAAATTCCAGGCAAAGTAG,1
ACCTCGGCTGCCTGAAATCTCGGTTTTGCTTTCGATTGGAT,1
ACGAGGTCAAAGAAATTTTGCGTTACGGCGGAAAAATCCAT,1
GAAGTATACCGGGAAAAATTCGGAACCGCGCAGGGGGTTCC,1
CAAAGTGCTTCAACCTGGCGCTAAGGGGTTTGAAAAAGGCA,1
AATATGTGTCGGACCGTCGGCGCTGATTATGCATTTATCGG,1
CCATTAAAGGGGTGATCTCGCGGTTTTCGTACATTCCCATC,1
GAGAATACCCACGAGCATGTCAGCTTCTTCCTCATAGTTTT,1
AGGTTGAAGCAAAACGAAGGCAGCTATCATCTTTTTCCGTA,1
ATCGGAGTAGGGGACAAATCCGGGGGCCAGATGCAGATGGA,1
TTTGACGGATTGTTTTTGAGCCATGGATGATTTCTCCTTAA,1
CGTTCAGCGACCGGAATCTGCAGGAATTTTTCCAGAAACGG,1
CAACGGCACCATCTACAACGCCGATTATCTGTTCCGCCGAC,1
ATGTGGCAGCTATGTGGCAACCGCTACATTTAACCACATGT,1
GGCTGGAAGCGGGTTGAGTACGTCTCTTATCTCGGCTGTCT,1
GGCCAAACCGCTGGTCGACGCCGTGACCCATTACCGTGAAG,1
GACTCGAAGATCTCCATCGGCACGAACTTGGCCGGGTCGGG,1
ATGATGGCCTCTCTTATAAGCAAGTAAAAAGGGCCATGCAG,1
GTTACACCCTTTGGCAGCGGCGGCTTTGCATTCTTCCCAGG,1
TGTCCCGCGTCTTAAATAAACCGGCCACGCAAAGTTTAAAA,1
ATTATTATCGCCTCAAGCTGCAGGAAGCCCGCATGCAGGCC,1
ACTGCGGCTGACGGCGGAAGCGATAACGAAAATCACCGGAT,1
AGGACCTCCTCGTTAAAAATCGGTTGAGGAGGCCAGCGTAG,1
GATCTGATCCTGCTCAATACCTGTTCAGTGCGTGACAAGGC,1
ATTTTTCAGTCTTTCTCCGGCAGTTTCCACGCAACCCGCTC,1
AGCCTCACATGCAGAAACTGCGGGAAAAATATAAGGATGAC,1
AGTGGGTATTGATGTGGCCGCGAAAATTTTGAGGCTCTATG,1
TGAGCCCCTTTTGCCAAAGTCAGCGTCCCAAGCCCGACATA,1
GGCGCGCTCTGTTGTTATCGCTGGAGTGGAGAGTCGCAACT,1
GAGATCGACTGGTACGGCGGCGGCTTCAACTACTACTTCCG,1
CGAAATACTGGCCGGGAGTGCATTTTGCGTGAAAACGAGCT,1
AGATATTTTATTGGAAAAGGCATTAGAGCAAATAAATTTAG,1
TATTCTTCTCCCATGAAAAGCAGGGGGATGTATGGGGAAAG,1
ACCGGAAAACTATATTTCTGCGGTTTGAGGTTTTTTTCGGG,1
AATAAAGTCGACAGTTAAAGCTTGTACTTGGCTCGACAAAA,1
ACGACACCCTGCGTGAAGTGCGAAAACTCGAAGAGCAGGCA,1
TTTTTGTTCTCCGTTAAAAACCAAGGCCGGTCTGCGGCAGT,1
TTTTTAACATCCCTGCGGGGCAGTGCAAGAGCTTCATTTGG,1
TCGAGGGCGGCATAAATTTTCTGCAGCAGCAGTTGGGTTGA,1
TTCAGGATCAACTGATTTTCCAGCAACCCAGAGTGCCTGGT,1
GTCCCCGGTGCGGTGATAGACTTAAATGCCATTAACATCTT,1
CAAGTTGAGAACAACAACGCCACCAACGATTAAACCCATGC,1
ACCACTCTACGGAACAAATACGGCAAGGACTCGGTGGCTTA,1
AGAGCGGCCTGGAGAAGAAGCTGGAATCCTATTTAAAGGGG,1
TGCGGGATGTCTTCCAGATACTGTCTCAGCTTTCAGGGATC,1
CGGAAAGAAGTTCGCAAACGCAGAAGGAATATCGCGGCGGC,1
GGTTGCGAATAAGGTGCGCGCGGCCACCCTTTTGTTGTCAT,1
ATGGGAGTTGCGATCCCATGCTGGACAGTTACAAAACGTAT,1
TTATCTCGAGAGTCTGGGGGCGCGCTTCCGTTTTGAATCCG,1
GAGGGGCGAGCCATCAACCGCCGCATCGATGTAATTATTAC,1
TTTTCTTCAGGTAAAATTTCCTTAAAATGTATACGACACGT,1
CACCCCAAGCCCAGAAAATCCAGCACGGTATTCCTCTGCCA,1
ATGCCGAATTTGCCGATATTCTTGTTCATCAATAAACCCCC,1
AAAATCTTCATTGATGAACACAGCACTCCGATTATGGTAAC,1
AGATAAAATAAAAATAAAAACAAGAAAGGACATGCAATGAA,1
TAAGGGCTCCCTGGGATGATCTGATATATAAAGATCTAAGC,1
CGCCCGGAAGCCCGCGCCTCCAGATTCTGTTCATGGGTGAC,1
ACGCATTGAAATCGCTTACTCCCATGGGGGGAGCGAAGTAA,1
AAGCAGTTCGCCGGTCAGCACCACACCCATGATGTTCTGCC,1
CAACGACGTGCGTCTTGATACCGAGGACGACCAACTGCTCA,1
AGTGCTAAAAAATTTATTTACACTAATCACAATTAAGCCAT,1
TATTGAAAAGGCTTTTAAGGCAGTGTATGAAGAACATGGGA,1
AAATTTTCCTGAACAAAATTCAGTTTTTGATATTTTTATTA,1
GGGAAGAGGGCAAGGATTTTCAGGAAGAGTTGTTGGCGGAT,1
TATGATCCTAAAGTCAAAAGCTTTAACGGAGAGACGGAGAA,1
GTTTAAGGCCCAGAGGGTCGCAGGGTTCAATAATGACCTGG,1
CGAGTATGGACCAAAATTTACGGATTCTTTTTCGGTCTCAA,1
CTGGAACCCCAAATCGTTTGCCAAGGGAGCTTCTTATGAGA,1
AGCGGCACAACCGTAAAGACCTCGGTTGTCGTTTTTCAAAA,1
TTTCAATGTCACCACCGCCGCCGGAACGATTCAGGGTATTT,1
AAAATGGATGTCTTGATTTGCTGTAATGTCATGCTTAACTT,1
GGTTATTAGCCCATACCCCGCGGGTGCGCTGATTGAGCCCC,1
GCGCGGAAATCGCGAAAATCCGCCAATTCCCCAAACAGTTC,1
ATGTATAGTTTTTTTGACAGCGGTTTTAGGTGGTTAGCAGC,1
CTGTAGTATACGATCAATACCTTGTACATGTTTTGTTCCTC,1
ATTCTGGTCAAGCTGTCAGACCGAGTCCACAATATGCGGAC,1
AGCGCAGATAGGGCCAAAAGCGTGAACCAGAAAAAGACTTA,1
AAGGGGGAAGAAATCTTGGACGCTTGAACCATCCTTTGATT,1
TCACTTTCAATCGTTCGGTGCAAAAGCCACAGCAAAAAACC,1
TGGGGGTTTCCTTGTCGAACCCTTTGCGGATATTGGTATAG,1
CGTCAAGGTGACTCTCGGCCCTAAAGGGCGCAACGTGGTGA,1
CCGCACCTGCTGGGCGTCTTCAGGGATTACCAGGATTGTGA,1
ACTTGTTCAGGCCGAAATTCCCGTTTCCCCTGATTTCGCGA,1
TGAGTTCTGCATGTTAGGCTCCCTGGCAACATTTAAGAGTG,1
TGAACCCCCAGAAGAAAAAGCAGAAATCCGGCAATGACGAA,1
AGCAGAAACACCTGGAAAAGCATTAACGCCACATGTGAATT,1
TGAATTTTCCGTTGGCCAAACGAAAACCTTTCTTTTCGGGT,1
GGACTTTGGAGTCAAAAATGCGTCATCTTCGATTCAACTCG,1
AGAGGATCTCCTTGTAAAGTCAGATAATTCAATAAATAGTT,1
TCTCTCGGGAGGTGTGGATACGGGAAAAATGGGAGTCAGGT,1
CATCTCTACGGGCAAAAATACAGAACCAAGTTTATCACCAC,1
GGTAGGTCATTTTAGCGCTCCTTTCTTTTTCATTTTATAAG,1
CATTTGATGATTGGAAAAAACTATTAAGAGATGTTATTGCT,1
CGTCTGAAGGGTAGAGCCACCCTTGCTTCGCTTCCACTCGT,1
AGGCCGCCATTGGTTGCCAGCAGCAGAATGAAACGTTTCAT,1
CGGGAGCGATGGGGGTATCTCCCTTGTACTTCATGCGGTAG,1
GCTTCGAGATGGGTGAATTCCTCCTGCGACAAATCCTCGTT,1
CTCCCCGAAGGATTTCATGTCATTGCAGCTAAAGAGTTCCA,1
CAGACCCACATAGCCGGTTCCTACCACAGTCAAATTCATGT,1
GGCTGGGTACCGTGTAGTAGCGGATCAGAATGTGGGGCAAT,1
CTGGGAAAACGTGTCGTATACATTTTAAGGAAATTTTACCT,1
TGTGGAATTGACCGGTTATGCCAAGGACAACCGCTGATCCC,1
TCGGTGCGCGGATGGGGCTGCGAAAAAAAATCTGAAAAGAT,1
AAAATCCCTCCCGGGAACCTCCTTTAAATAAAGCAGAAAAA,1
ACCTTAGTAATCCCCGGCTTCCAAAAAATATACAGATATTC,1
GATTCCTCCCCATGACCTCTCCTTGAATTTTGTGAACTGAT,1
GGTAGCATAAGAGGGAACTGCAGCGATTAAAGGAGTGAAAA,1
TCCTTCAATACCAACAAACGCCTCTTCAACTCACTGCTGCT,1
ACGTGCTAAAAATGAGGTAACTTGGCAGGAAATCCGAGGGT,1
CCGCGGCAAGGCAGAATTTGCATTAAAGGCCCTGGAGAGTC,1
ATTTCAGGAGCGTGCTTTTGCCCGCTCCGTTAGCCCCCACC,1
AGATTCATTCATCCGGTTGGCAAAAAAGCCATTGCAATGTT,1
CAACCGAGCAACGATAATGGCTGGACCGTAACTTTAGACCT,1
AAACGTTATTTTATGTGATACCAAGGGGGTCATCTACAAGG,1
CAGGTGTTTCAATGCGCCGACCGGTGTCGAGCACATACTCG,1
ATAAAGGAGGCGTGTGATGGCAAGAAGACGTTCACGCGGCC,1
GTCTGTGGGGAGAATGAATACGGAAATTTTTTCATAAATTC,1
GCTCGTTTCAATCCACGCCCCCGCACGGGGGGCGACACAAA,1
AAGCCCCAGGGGTGGTTTTGCAAAAAAGAATCCTTGGGGCT,1
CAGGGTGTACTGAAAAAAAGCGAAGATGGTCAGCGTTTCTT,1
AGGGCTGGCTGGTGAGAATACTAGACAACGTCTGGCCATTT,1
TGCTACCGCCGTCAGGTCTGCCAAAAGAATTGAACCTATGG,1
CGCCTTAATCCCGCACCATACATTAGAGAAAAAAGAGCCAG,1
TTTGATTTCAATACCACAATCCACTCACCCTTGGCCAATCA,1
GGCCCAAGGACCTTCAGAGGCGTTTTCTTGATCAGGCCGTA,1
CCTGGTGGGGATGTTCCGAACCGGTGTAGACTTTGAGCTTG,1
CCTTCTCCGTCCCCCCATCGCAGTCACTACAGGTACAGGAA,1
GGTTTCGAAGCGCTGCTGCGCTGGAATCACCCGGAGCACGG,1
AGAGCATCTGTCGTTCCGCTCAGATTGAACGAAGACAGGGT,1
CGTGGCTGTTCCGGCTCACTCGGTTTGTCGAATATCCAGAA,1
TTTTCCATAAGGTTTTCATACAAATGAAGACCTTTTTCATC,1
CCTGTACCTTCAAGTGATAACGGGGACACAAATGGCGACGA,1
GTTCTCGGGGTCGATGTCGACCCACAATACAATTTCAGTTT,1
ATCGTGCCTCTCTATTTCTCCAAGGAGCGGCCGGTGGTGGA,1
TTCGACTCTGCTGCTGAATACAGTTTTTGAGCATTGGCCCC,1
GATCAGTGGAGCGTAAGGCGCGTTGATCTCCTAGTAGAGCT,1
CAGGTCTTGTTGAAAAAATTCTTCAACAATACCGTGAGGGG,1
GGTAAGAAAAAATTTAATCCCGGCGTCGGGAAACACAACGC,1
CTGCGCTGCTCTCCATGCCGCTTCTGACCGCAATTTTTGAT,1
AATGCTAACCGATTTTGCGGCGAAAAAAAACCGTCCCGGTA,1
TCTAGTCGGTCGTGAAAATCCGAAAAAGCCCCTAATAAAAA,1
CTGCCCAATCATCATCTCGGCAGGATCAATGTTGAAATGAA,1
CCGTTTTTTCGTGCAATCCGCTGAATAAACATTCGCCCCCC,1
ATCTCTCCGCCGGCATGGCGCATGAAATCCGCAACCCCCTC,1
TTGAAATAATAATAAAACTTCCGGTTTGGGTGGAACATTGA,1
ACGGGTTCCTTTATCGAAGGCATCTTCGTGGATTTCGAGTG,1
ATGGGCGCGACAGTAAACTGCAGTAAACTGGGCCAGAACCT,1
GGGAGTAACGCAGCTGGATTCCGGGAACTTCAAAATGGAAA,1
GATCCCTACTGCCGAAACAACCCCGGTTGCGACACCATGGT,1
GCGGACAACGCCGCGCTTCTCAAAAGCCACACCCATCAACC,1
AGGACCTTGACCTCATCACGCGGCGCCACCCCCAGCTCTTT,1
CGAAGGCGATATTGGAGGCGCCGTAGTCGCAGGGCCCTGCT,1
CCTTTTTGGCTCGATCGTCTCAGTGCCCCCACGCAGACAGC,1
ACACTGGATTTTAGTGTCCACCGAAAGGAAGTATATGAGTA,1
AAAGGAATGAGCTTAAGTTCCTTGGTACACCAGCGCGCACG,1
GGCGTGTGATGAAAAAATTTCTGTGGAAGCTTGTCCTGCGC,1
GATAGGACGCCGTAATCAGGCTGCACCCCTCGATTTCACGA,1
TCCTTCTATATTTATTTTTACTCCATCTTTATTTTCATCTA,1
GTAACCTCTTATTTCCAGGGCGCCAAGGTTCGATTGAGAAT,1
GGTGTGGCATCGCGCTCAACCATAAGCAGCTTTAATCCGTT,1
CAGACCAGCATGAATCCTGGCACAAATCATCCCCTTGAGGC,1
ATTCCGCAAAAAAAAGCCCACCAGGAGGTGGGCGATGCAAG,1
AATTGACCGAATGTAAATCGCTGCCGGGTGAGGTCGATAAA,1
AGAAGCAAAACGCTTCCAATCATTGTTAATAAAATCAAAAT,1
TGCTGACGGATTCCCTTCTCCTTTATCTCGTTTTTCGTCTT,1
CCAACCTGAATAAATATATTCCGGGGATGCGCGATTCGTTC,1
GAGAGCGAAGACCATAAGTTCCGGCAACTCCTCACGGCGTG,1
GAGCCGCCAAGGGATCAACTCGAATTGTTCCGCCCCGGGAA,1
CGTTCTGGTCGTAATAATTGCCGTCTTCACAAAGAAAGGCG,1
TTTTTTTCAAAGTATTTACGCAGCCGCACCACGAAATTGTC,1
TCCGGGGTCATTCCAGCGCGCTGCAAGGTCTCGTAAAACTT,1
GGGCGCAAGATCAGCCAGAACCAAGGCACCGAGTTCTACAT,1
TGACCACGATGATGCAGGTGCGGTCGTTGTATTCCAGGGGG,1
GGCAGGTTGATCAGCTGCACCCCCATCAACCCCACCAGCAT,1
CGGACAGGCCCGTTGCATATCTATTAATACAAAGCATCTCT,1
GTGAGTGGCGCCAAGAATCGCGTTGGAGAAGGCAAGCCCCG,1
CACCTGTAGGGTAGAGAGTCCAACCTCTATGAGTTTGAGTA,1
GGCAGAAAGACAAAGGCGTCCTTGTACGCTATGTGATGGGC,1
CATTAAACATTCCGACTCGTCAAGTTAGAAAAAATTTAATC,1
AGCCAAGCGACCCCTGCAACCCTCTGAGGTCGATGTAGAAG,1
TCTAATGGGCGAATTCGGTCCGGTAAAATCCATGGAGCTCA,1
AAGTGGTGAGGAGACTCAATCCAATCCTTAGGGGTTGGTCT,1
GGAGCAGAAAATAAGTTTTGCATCAAGTAAGCTTGCGCGCA,1
AAGCATTATCCCAAAAAAGGCTGGATGTCTCTCAAAAAGGG,1
CCGGTCCCCAACTCGTCAAGCAGCACCAGCGACCGATCACC,1
AAATATTATCTAGATATTAGCGGGAAGTTGATGATCGGGTC,1
GACTATGCACCGGTTTTTAACGGTATCACTAAAAATTACGG,1
CAAGGCGTTTTATAACGGCGCGCTGATTCTCTTTGACGACG,1
GAATTCCTCACCCGCAAACTCTCTGACGACATCGAAGCCGA,1
GGGATGTTCGAAGACCCCACCCTCGATAACCTTTTGATAGA,1
CGCTTGATACCACAGGGGTTCCGTTTAAACTCAAACTGGGC,1
TGCCTGGGGGTGGTCGATCGCAACACTGTTGCTCCAGACCT,1
AAATAAAGATACAAAAATTTCCGTAGACAAGAGAAAAATTA,1
TACAGGTGCGCAGCGATGCTCGCGAAAAATTCTATGCCTTG,1
GATCATTAAAAAAAGGAGAGCTCCTTATATCAAAGTAAGTA,1
TCACCGCTCTCCCCGAATTTCTTGAACCCCATGTTCCGGCA,1
TACCTTGAACCTAAGGCCTACCAAGAACTTTCCGAAAAGAT,1
ACCAAAACCCCTGAGTTCGGCGAAAACGGCACCATCCTGTT,1
GTGACATAGAGATAGAAAACCATCTCCACATCTTCTGCCCG,1
TCGGCTTCGCGTGCGAATCGCTACACCTAATGGGGGCACAC,1
CCAGGTCAAAAAGCCCTCCACCAAATCGCCGCAGCCCCCCT,1
CAGTAAGGTTTCTATTTCTTCACGCTTCAATATTTTGCTCC,1
AACAGAGACGGCGGGGTTCGCCGTTGTCGCCATTTTAGAGT,1
AGAAAAGAGACACTGAAAAGCAGCAGATAGTAGGGGACGGA,1
GACAGGGCCGGCCGGAGGCTCCCTCTCAATAAGTACATAAT,1
GGGAAGAAATGTCCTCGGCGCCGCCTTTGCAAAACACTACT,1
CTCCGCAACGGGCAAACAACCCGGATCCGCACGTATGAATA,1
ACCCTGTATCTGATTAAATCCGGAGCGGTGCGGATCACCAA,1
GCGGAATGCACGGTTGTCAGCCTTGAATCAGGTGAAATTGC,1
CGCTCCCGCTGTACAAAAACCTATGACAAAAAATGATAAAA,1
GCCGGACTGATGTCCAACTCCTGCAACGTCAAAAAAATATG,1
TAACTCCACATTATAGATCGCCGTAAACGAAACAGCACGGG,1
GCTCTCCCGTCATCTGAAAGCCAAAGGGATTTCCCGTGTCG,1
GCAGTTCGGGAAACGTCTGGCGGAAGAGTCCCTCGAATGCT,1
ACAAAAAAGGACGTGGCGGGCAAGGACAAAGATCTGTAATA,1
CTCCATTGCGGGGGGATGTGCAGGAATTATAAATTTTTCAG,1
CATCAGGCCGCCGATAATTGCGGTGATGCGGGGACCGAGAG,1
AAGGTTCAGGTTCGGAAAAACGTTCTTTGAGATTTGGGTTG,1
GACGAGTCATGTTGGATCCGCATGAAAATAGGTCGTAAACC,1
ATTATCTGGGGTATTATGTGCCCGGTTGCTCGCGTATGGGG,1
CTGAGTTATCTTTGTATTGGCTTGAGTCAGGGCTTCCCGTG,1
AATAAACAGGGGGAAAATTTCGATAAAATAAGATTGCATCC,1
GGGGACATGCTTAATTGTTGCTTAAACTCTTCGAGCATGTA,1
AGTTTTTCTGGCGGCGTCTGCTGTCATTCGGCCAGGGGGCC,1
ATTGAGCTGACGCTGAGTTGCAGCATCAAGGTCAGAGCCGA,1
AAAAAGGGCTTCCGTACTGCCGAAAAGGGCCTTTTTACTGT,1
GCTTCTTCCATGTCGTAACTCGGTTGATGTATTCATAGACC,1
GCTTTTACAACACAATGTCGCCCGCACAGGGGTTGAATCAT,1
GCGCTTGAACTGCTCGATTTCGAAAAAAAGAGTGTCGATAT,1
ATGCGATGAAACTTGACATTCCAACAGGAGAACTGATACTC,1
CGGGCCGAATAGGCATTGGTCAGCGTCTCCTGCGTGGTGAA,1
AACTCAAGTCCTTTTCTCTGCCAAGAGGAAATTACCCGCCC,1
CCGCGTTCGCCTTAAAAAGGCATCAGCAAGTAGGAGTTAGC,1
GCCAAATACTACGGCGGGCTCAACGAGCGAATGGACGAGTT,1
AAAACCCCGGGCCCTCAAGGCAAGTAAAAAAGCGGGTCGAC,1
GAGACGCGACGCAGAACAAACGGGAAAATTTGATCGAAAGC,1
AATAGATACTCTTGCTATAGCTTTCTTATTTATTGCCGGGA,1
TGTGTGAGCCATGGTATCTCCTCCTCAGATGATTTTCGATG,1
TTTTGTCCATTGAAAAAAAACTAACCTTTCCCCGGAGAATA,1
AAAAACGCTTCGCCCAGTTGCATCAGCCGCTCCACCAGGCG,1
GTCCTTCTCCACATAGAATGCGGCTTTTTGATGGGGGTTCT,1
GGCTACACCACGCGCAAAGGCGATTTTTCGAGCCTGGTGAA,1
AACAAGAAAAAAACACATGGCAAAAAACTTTCTCCACACTT,1
GACCACTACGGATCCCGAAGCGTTGTGTCGCGAGGGACTGG,1
CTTAAGCCGGACAGCGCATACGAAGATGCCTATCTAGAGTT,1
GCGGGTTTTTTGTTTTCCTCCTGCTATATTTTTCAGGTTGG,1
GGAGGATGCATCCTCAGGTGCCGTAACTGTCTTTGATTGCG,1
CGGCGCCAAGAGGGCAAATGCTAGTAAAAATACCCTCGGAT,1
TTATTTATTTGTTTTTTCAGCGAAAAAATCACCTCCCTTTG,1
CCGGCCAGACAGGTCAGAACCAACGTCAGGGTTACGGGAAC,1
TCCAGAATGAAGGCGTATCGCGATAAACTTCACGAAGCCAA,1
GGGCAAGGATAAAAAAGAAGCAGGAAAAAACGGCGACGATG,1
CAAACATGCCAAGCTGAGAACCAAGCTCTGGAACCCCATTG,1
TTTTTCTGCCTTATTTAAAGCAAAAAAGGTGCTCAGCCCCT,1
CACCCCCGAAGTTGGAGTTTCCGGTTGCAAAGAACCGAAAG,1
CGAAAAGATGAGCCACAAATCCGACAAAAAAGGCAAGAACC,1
ATATCGATTCCTACGACAAACATTTTTCTTCCTCCTTGTAA,1
GAGTGGATCGAAAAAATAAACCAAGAGAATTCGAGGTGATA,1
TAATTGGTGAAACTTAAAGGCGTTTTGTATTTCTTGCATTT,1
TAAAAATTCTGATAGCTTTGCAATAAAAACTTTGATAGTTT,1
GGTCCAGATCACCGTTGACACAGGAAATCACCACCTCGGTG,1
AGCAGGGTCAGGAAAAAAAGCCGTTTTTTTTCACTCACAGC,1
TCGCCCGGGAGATGGGCATTCCCAGAACCACCCTCTACGAC,1
CGCTTATAGACATCATCAAGCTGTTTGTCTTTCTGCTGCCC,1
TCTGCATCCCGATTATCTCTCCACCCATTATGCCCAGGCGC,1
GGATTGAAACTGCGAATTCGCCCCAAAATCATCGAAGATGC,1
CGATCAATACATTGAGACAACCAAAACCTTTGAGGTCTTAG,1
TATGGCCGCTCTTGAGGAGGCAAGTGCATACTCCGAAAAAA,1
TAAAGGTGAATATGGTGCAACTATAACAGAAAAATTTATTG,1
GGGGCTGGCAATAAATTTTTCTGTTATAGTTGCACCATATT,1
GAATTTCGGTGCTGACATATCAACACTCATAGAGAAGATCG,1
TTTGTGAGAGCCCGGGCCAACAATCTGCTCAGCAAAAAGGA,1
ATGGGTGTTACGACCCCATGCTTTTTTTTACTTTCCCGGCC,1
TGGTTCTTGGCCCGCAGCTGCGGTTTGTGGTAGGTTTCCGA,1
CCCGACCGCGACGGCAAGCGCGTATATGACGCCCTTTACCA,1
AGTGGGGGCGTTGCCGATGGCATAGATGGCTTCGGGGTAAC,1
CTCAAGCCGTCTCGAACCCTCCCCCGTGATTTTATCTATGT,1
ACCCGGCCGCAGAAATGACTCACCTCAAGGGCGTCAGCGGT,1
AACTCAAGCCCTCCTTTATACAGTGTAATCCATTTATTCGA,1
TTATAATATTTTTTTAATTACGTAAATAGGGAGAAAGCAAT,1
ATGGTTGGGCATGTAAATCACAGCGCCCTCAGGGGAGGCTT,1
GCCGCCGCCTATCTCAACGACTGGGCAGATAACGAGAAGGG,1
CAATTGCGCTTTACAAAAATCTGACTCATTATTCGGCAGGT,1
AATGCCCTTTTCAAAAAACTCTACTATTTTTACTTTCTACG,1
AAGATCGAAAAAATCAAGCGCGGAGATGACCTTCCGCCCGG,1
GACATCTTTCACATTCAGCCCGAAAAAAATCCCACCTTTAC,1
GCGAGCGGATACCAGATCATCCAGTAGTAATAGCGTCCCAG,1
AGGGGTGAGGGGTGAGGGGTCAGCGGCTGAGGGAGAACTCA,1
GGAACTTACACGGTCAGTTCCATGTCCACCATTCTCAATGC,1
GGCATAGAGGTGGCTGAACACGTAAAGTAAGAATTTACTGT,1
GCCCCATATCCCTCAAAAGGCTATAAAGAGAACAGGGCACC,1
CTGCTGCACTCCACCCAGGGCAATCGCGGCCTTGGGCATGC,1
CGTAGTCGTCCCAGGGTTGGCGGTCTGTATTTTGGTATGTT,1
GGGATTTCAAATTGCGGAGTCGGACAAGAATTTCCGTAAGG,1
TGGCGGCGGTGGTTGAAGGGCTGTGTTATCAATCAATGCCC,1
TTTGGTAATCTGGTAGGACCCCTAGCCCATTCAGTGCTCTA,1
CGTGGTGGGGATTATTCATTCCAAGGATATTCTCAAATTTG,1
GGGAAAAGGTATAGCAAAATCCGGAACTTTAAATATCAAGT,1
ATAATCCTTTCCAGAAACTACAAGTGTGTAGCTGTCATTTA,1
GATTGCGATCACCATAAAAACAAAAGGCGTTGTCATGGGAG,1
GTAAGACCCCCAAGGAAATGCTTGGCTGACCTGTTCCCTAA,1
ATTGAACCCCTCAGAAGGTGCCAGTTCCTCCGCCGCGATAT,1
GTATGAGTATTGCGCTTGCGCCGGGAGAGAGAATCACACAA,1
CATGTTTTCGCCTTCCAGCGCGATTTTTTTGAAGTCTTCGA,1
GTACCATTTCTCGCCATAGGCATGAACCAGTTCATCATACT,1
GATAAATGCGGGATTCGGCACGGGTGGAGAAATTGGGACCC,1
TCATTGTCGTAGAAATCACCCTTGTCCATGTGAGCCACACG,1
AGCCAGGCAGACCAAGAAGACCGAAGTCACCATCTCCAAGG,1
AGAGGAGGTTGGGGTATGCGCCGTAGACTTCAAGAAAGGAT,1
ACCTTGTCGACATACTTGTCCCAGTTGTTATAAAGACGCTC,1
TTTCTCGCAATGTTCATAAACGGCACCCAGCAGGGCAACGA,1
CCCGGGATGACGCTCTTCCACCCTGAGAATGAAAAGCCCTT,1
TGCGTGGCAGACATTGTGCGCCATGAACTCAGCCGGTGAAC,1
GGTGGTTTTCTTCGGGTTGACCTCCCTTCTGCATTACCGCC,1
CTCAAAGCCGGTGCACGGGGCTACGTGGTGAAGGATTCAGT,1
TTAAGTGATGCAACGTGATACTAGGATACCCCTAAACGCCC,1
GTGCATTGCTATTCTGGTTGCCTTTCCAAATACAGAACCAT,1
AACCAACAGAATGTTCTGCACCCCGTTACTCATCACAGACT,1
ACTGGCTCAGGTAGTCAAGTCAAATATTTTTCTATTTGGGT,1
ATCTGCTTTTTTTCGTTTTACTTATCTGGCAAAAAGGGGAC,1
GGGGACACCCTAGGGTGACGCAAGGTTTCGCATACGGGGCT,1
CCTGATCGTCTGTCCCCTGGCGTTTCTCATCAATATTGTGG,1
CAAAGGAGTCTTGCATCTTTCAACCACAGTAAGAGGTGATA,1
AAGGACGCATCACTAAATTCCTTGAAAAACCCGGCTGGGGC,1
AAAAAACCTGATGAGATAATCCAGTATCTTAAAGAACAGTA,1
GACTTCGGCTCCATCTATTTCCAAAATCGCCTCCCCTCTTG,1
TGAAGTCATTGCCACCGATGCCGAGGGAATGATTCGAGAGG,1
TTTTGCGGGTACAGTCCTCACAGAGATGGTCAGGACCACCG,1
ATGGCATCCGGCCCCCGAAACGAAAAAATAAAAGACGCTGC,1
AACACAAATCGCTCGGTTGACAGAACTCGGAGCAAAGCCTT,1
TTTCGTGGCGATCATGGTTTCTGGAACGCCTACCCCATGTA,1
CTCCCGGCAAGTGGAAAAAACGATTCATTTGTAAATCAGGG,1
GCGGGGTACGTCGATATTTTCCTTGAAAGATTCCACGGCGA,1
AAGCACCACGGCTACCAATACGAGCACTGTTTTAGCCATGA,1
GATCAGAATCATCGACACCACAAATGCATAGATCGCTGTCG,1
GATGCCGCCCGGGAAGATGTCAAAACTTTCTTTCTGACACT,1
AGATATGAATGCCGTAGAAACGGTTCAGGCCAAACGCACTC,1
TACAGTTTCCCATGACGGGGCGTGTTGTCCCTGAAATGAGG,1
TCCCAAATCATCAAAAAAACCATTGATATTAAGGATATTTA,1
TCTTTTTCGTCAGATAATTTCAGTTTCACTTCCACTTTTCA,1
GGGGAGTTGGCGCCGGAGTACCGCTGCGACAGGGGGGAGTC,1
CAAGGGCCACTTTTCGCCATCCCTGGCCGTTTGATTGGCGC,1
TTCCCAGAGGCTGATCTACTCCCATTCCAATGCTCCTTTTT,1
CACGCCATGGCGGAAGAGTTCCATGAGTTCTTCGCGTATGC,1
CCGAAGAAAAATTCAACTCCCGGCCACCGAATTTCCCCATG,1
CAAAGCAAATCTTGCCCCCCCAACTAAACATTAATTCAGTA,1
CCAAGGCGGAGATTGAACACCGGGGAAAGGAGCGCTATGCC,1
ACAGCACTTCAACAATAAATCCAAAGAAAGAAATATTTCAA,1
GAGGTTTATTGTCCTAAATGCAAGAAGAATGAGGAGTGCGG,1
GGACGGCCGGGGCAGCCGCACCGAGAACGAAGAGGACCTCT,1
ACCGTCGTTTCTATGGTCAGCAACTCCCCGCCGACTTCGGT,1
CGCGGATATCTCGTATGATTCGGAAATGGGACGGGCCTATA,1
CTGCTTTCGGCGCTTTTAAGCGATTTCGCCTTTTCCACGCT,1
AAGACCAAAAACCAAAAAGTCTGTTCTTTTAAAATATCCTG,1
TAAAAAAATACCGGTTCTTTCCAAGGCTGAAATCAAGCGTA,1
GACCATTCAGCCCCCCCCAGCGGGGGGGGGTGGGAGGGGGG,1
GGGGCATGCCTTGATAAATGCCAGGAATTGCGTGTTTTTAA,1
CCCCCTCCACCCTCGAAGTGCGGGGGGAAGTCTATATGGAC,1
AGAGTTGACGACTGGTTTGGCCCGAGTCTTTGCAGGAGATC,1
AACGTCGGGGGCAATTTTCCCAAACATTCAATAAAACAAGG,1
GTATTCATTTCACAGGGCGACGTAAATTGATTTTTTTGTTA,1
ACGAACCATATCGGCCTCCACCAAAAATCTGGTATTTAAGC,1
TTTCCCCTAGCCCGGATTTTCAGTAACTCCGGCGAACCCCG,1
TTGGAAGGCTGATGCTCTAGCCAACTGAGCTACTCCCGCCA,1
CCGGAGAGCTAAAAAAGATGCAGTTACTTTTTTCCCGTTAT,1
GTCTTTTTTGAGTTCTTCGGCTAAAAAGTCGATGTTTAGGT,1
TTTTACTAGATTGCTAAAAGCAGTTGCTCTCCAGGGATAGC,1
AAAATATGTGTTTTTCTCTACTATGGGCTGATTTTGGGCTG,1
CTATGCGCAATTGTTATATACTTATTTCCATATTTGCTTTT,1
GGGGAATGCAGGGGATATTGCGGCGACGGTATCTGCAGCGA,1
GCCCGCATTGAAAAAATTTTCAGGCTCCCACTCTACCAGCG,1
GCAATGCTGGTCGGGAAATTCATGAGGTCCTTCATGCTTTC,1
GAAAGCGGTTAAGTAAAGCACCGCTGGTAAAAGCAAGTATC,1
CCAACACCCATATTTTCAAGCAGAATGATTACCCCACCGGC,1
CCATTTAATTCTCAAAATCTCAGAGGATGGCTGCAATGTCC,1
TCCATGATACAGTTTTCTCTCGAAATATCTTAAATGGGCGA,1
ACCGATTTTGTCAAAAAAAACAAAGCTGAACATCTGGTCTT,1
GGAGATGGGTTCTACATCAGCTACAACAACCATGACCACGC,1
AGAAAGGTCGCGGTCACCGTCAGCGTTTCCCAGAAAAGGAA,1
CCCTCCTAGCCTCCATAAAGCTTTGTCACATTTTCCCGGGG,1
CGAATAGTGAACCTATTTGTCGAAAATTTTCGGGAATATGG,1
GAGGCAAGGAAGGCTACGTGCTTAAGCAGTATATCAGCCCT,1
GCTCCCGGGTTGAAAATCCGCATTTTCACCACCAGCGGCAG,1
ATTGAGAAAATAAAAAAGAACAAAGGGCGTTACCGCCACCA,1
ATCCTTATCAGTAGCGCTTTCAGTAAATATCGCAAGGAACT,1
GTATTTTACCACCCATACCCCCCCAATTAGAAGGATCAAAA,1
ATGCAAGTCCTGTGTGGACTCCGGTTTTTCTTCGGTCATGA,1
ATCCCCGTCACCTCCCCCCCCCTCCTCCTCCTCCTCCACCA,1
CCCCGCGCCCTTGGTGATGACCATGAAGTTGATCACCACCA,1
AAAGACTATCGCAGATACTCCCGGATCCCCCCCGGCAGCTC,1
CGACAGAATTAAAGCCGAAGCAAATCCTTACGACCCTGAAT,1
AAAGGAGGGTTCCCCGACAACCGTCAGTGTAACTTTTTGTG,1
CTCGCAAAAATTATCCACAGCTTTTGTGTAAAACCCGGTTT,1
TTTTCTTGACTTTTTGTTTACGTTTTTGTAATATTTAGCAA,1
ACCTGGTAGGCAGATGTGGACTGCTCTTCTACCTCAAAAAA,0
CAGCTGGAACAGAAGCTGAGCCCACAACTTTTTTCGACCTA,0
ATAAAACCCATCGAATTTATCCGGGTAGAAAAGTCAAATGG,0
CGGGTAGAAAAGTCAAATGTCTTCCTTCGGGTTCCCAACCC,0
GAATTTGAAGTTTCATCGCGCCCCCGGCAGCAGGAAAATTT,0
CCCGCACCTCAGGCGGCGTCCGCCAAACCCGCGGCAGAAAG,0
GCCAAACCCGCGGCAGAAAACTGGAATACCAATCTCAACCC,0
AAGTACATTTTTACCGATTTCGTATCAGGATCTTCCAATCA,0
GCAGTGGCCAACAATCCCGCCACGACCTACAACCCCCTGTG,0
GCCATCGGCAACGCGATCCTCAAGAAAAACAGCTCCATGCT,0
AAATTTATGAATGAATTGATCAATTCCCTGCGTTATGCACA,0
CTCATCGACGATGTTCAATTCATTGCAGGTAAGGAGCGCAT,0
ATTGCAGGTAAGGAGCGCACCCAGGAAGAATTTTTTCATAC,0
CAGGAAGAATTTTTTCATACCTTTAACGCTCTGTATGAATC,0
CACAAACAGATTGTCGTCACCTCGGATAAATTTCCTAAAGA,0
GCTGAGAAGAACAGGATCAACCTTCCCGAAGAAGTCATCCG,0
TTTCTGTCCAATTCAATCACCAGCAACGTCCGTGAACTGGG,0
GCTCGGGAGGTGCTCAAGGACATCCTGGTAGAAAAAAACAG,0
CTCAAGTCGCCCAAAAGGCTCAAGGCGCTGGTGCTCCCTCT,0
TTCGGTGGTAAAGACCATTCCACAATAATCCATGCCATCAA,0
GATGATTTTCAACTGCGTACCACCGTCGGCAATCTCAAAAG,0
ATTGCCGGTTTTTATGCCGCCTCCAACCACGATTCAATCAA,0
TCCAACCACGATTCAATCAACATAGCAAACGCGGGCGGTAC,0
ATAGCAAACGCGGGCGGTAACCGGACTCAACCATGCTGTTC,0
TAAAACCCATAGTCTATAATCATTTCCTGTTGATCGGAGGT,0
AACAGGTCTTCCTCAAAGGCCTGGCAAAAATTCAGGGAATA,0
TTGAGAAAAAAAACACTATCCCCGTCCTGGCCAATGTTCTG,0
TCACAGCGGAAGAGGACCGTCTCTGTCTCACCGCCACCGAA,0
TCTGTCTCACCGCCACCGATCTCGAAGTCGGTATGCGAGCC,0
TCAACCTGGTCGGCCTTTCCCCGGAAGAATTTCCCTTTTTT,0
CGGAAGAATTTCCCTTTTTTCCCACCGCCGACGATAATGAC,0
CGGACGAAACAAAATACAACCTGAACGGTATCTTTTTTAAG,0
CCCGCGAAGAAGATGGAAAACACGCCCTGGTCATGGCCGCA,0
AAATTCAGCGGCCTATCGACCAGACTTCCATTCCCCAGTTA,0
AGAAAGGAGTCATCTTTCCTCGCAAAGGTATCTTCGAACTG,0
GAGAGTTTCCCGAATATGAGCGGGTGATACCGACCAGCAAG,0
CTTTTCATCTCAAAGACAATCTGTCGCCCGGTTTGATGACG,0
TGTCGCCCGGTTTGATGACCCCGGTCGAAGATAAAAATTAC,0
CGGTCGAAGATAAAAATTATCTGGCAGTGATTATGCCGATC,0
TGGCAGTGATTATGCCGATGCGTTTATAATGAGCAATTGGC,0
GTTTATAATGAGCAATTGGGCTTCGAAAACTTGAAAAAGCC,0
GAATTTTCGTAATATCGCGGCGGAGGAACTGGCACCTTCTT,0
CCAGAATGCTCAAGGGAAAACCAATCTCCTTGAAGGCATTG,0
AGACCTGCTTCAGTTCAAAACAGACCGGGCGCGTTTGAGTA,0
AGACCGGGCGCGTTTGAGTGCAAAAATAACCACAGCCCGGC,0
GATCGAACTGGACGGCAAGGCGGTCCGCAAGGCGACCGATA,0
TTCCCTGGTGAAAGGCCCGCCGGGGGGGCGACGGGATCTGT,0
CGACCGTGCCCTACTGCAGGCGGACAGCGGTTATCTGCAGT,0
CGAAAGCTATCTGCAGGCGGCTGCGCGTATCTCTGCCGACA,0
TCGTCCCGGATTGCAGAAGGCTTATGCCCATATTGCCCAGT,0
GCAGCGCTGCTTCATCCTGGCTTTTAAAGCCTCGCAGATTA,0
TTTTAAAGCCTCGCAGATTGCCCATCTGGAACGGGAATCCC,0
GACCACTACGGATCCCGAAGCGTTGTGTCGCGAGGGACTGT,0
CCGTTCAGGGACTGCACCACCTGGTTTACGAAGTGGTGGAT,0
ACAAGGTCTCCGGCGGTCTGCACGGCGTCGGCATATCGGTT,0
TTAATGCCCTCTCCTCACGCCTTGACCTGGAAATTCGCCGG,0
GTTACGAACGTGGAGTTCCTCTTGCTCCGCTGGCCGAAGAA,0
TGGAATTCTCGTTTGAGACCCTCTCCCAGCGCCTGCGCGAG,0
TCTCCCAGCGCCTGCGCGAGCTGGCATTTCTCAATGCCGGC,0
TCGTCTCCTTCGTGGAATATCTCAACCGTGCCAAAACCCCA,0
TCAACCGTGCCAAAACCCCGCTGCATCCTCAGCCGATCTAC,0
TCGAAGTCGAGGTGGCGATCCAGTACAACGATGGTTACGAG,0
AGGAAAATCCCCAGGTGGCGCGCAAGATCCTGGAAAAGGGG,0
CTCTGGAAGGATTGTCGCTGCCAGGCAAACTGGCCGATTGG,0
CAGGCAAACTGGCCGATTGCCAGGAGAAGGATCCTGCTCTC,0
CCAAGCAGGGGCGCGACCGACGCACCCAGGCTATTCTGCCG,0
GCACCCAGGCTATTCTGCCCCTCAAGGGCAAGATCCTCAAC,0
ATGACTTCGACGTCGCCAAGCTGCGCTATCACCGCATCATG,0
ATGGTTCCCATATCCGCACCCTGCTGCTGACCTTTTTCTTG,0
TGCTGCTGACCTTTTTCTTTCGCCAGATGCCGGAGCTGGTC,0
GCAAGGTGCTGCGCGGCAAGCAGATTATTCCGACCCTGCGG,0
ATATCATCGATTACAACAACCTTTTCGAGAAGATGACTCAA,0
AGGGAATCAACCGCGAAATTCTGCGGGTGTTCGTTACCGGA,0
ACATGCTCGATCTCACCCCTCTTGCGCAGCGGCTTGAAGAG,0
TTGAGCCACGGGCCAGCTATCAGGTCCTCGAAGATCCGCCG,0
AGGTCCTCGAAGATCCGCCGCGCATCCTGTTTACCCTTGGC,0
ACCTGCGTGCCCGCCTCGACCAGAACGGCCTCGAGATCCTA,0
CCAGCCCCGAGTACAAGATGCTGCTGCAAGCCTACCGCAAT,0
TGACGGATCGCCAGGAGCTGCTCGATCATTTCCTCGAGCGG,0
CCAAGAAGGGGCAGTACATCCAGCGCTACAAGGGGTTGGGG,0
TAATGCCGTCGGCGCCTGCTCTTACAGAGGATCAGCGAACA,0
TCATCATCGGACGTGCATTGCCCGATGTACGCGACGGCCTG,0
AACCGGTGCACCGGCGAGTGCTGTTCGCCATGCACGACCTA,0
CGGTCTACGATACCATCGTGCGCATGGCGCAGGATTTTTCG,0
CCATGCGTTACACCGAGGTGCGCATGGCACGGCTGGCTTCG,0
AAGAAACCGTCGATCACGGGCTTAACTACGATGAATCGTTA,0
CCATCATCGATGATCCGCGTCTGCAGATCGAAGAGTTGATG,0
GCATCATCCACATGCGGGCGCGCGCCCTGGTGGAAGTGGAG,0
ATCAGGTGAACAAGGCAAGGCTCATCGAAAAGATCGCCGAT,0
TCATCGAAAAGATCGCCGACCTGGTCAAGGAGAAGAAGATC,0
CTATCGTCAACGGGCAGCCGCAGATTCTCGACTTGCGCCGG,0
AGATTCTCGACTTGCGCCGCCTGCTCGATCTGTTCATCGAC,0
TGCTCGATCTGTTCATCGATCACCGCAAGGAAGTGGTGACC,0
ACCGCAAGGAAGTGGTGACGCGGCGCTGCATTTTCGATCTC,0
AGAAGGCCGAAGCCCGCGCCCATGTTCTGGAAGGCCTCAAA,0
CCAAGGAGCGCCTCATCGCGCGTTTCCAGTTTTCCGACATG,0
GTTTCCAGTTTTCCGACATCCAGGCTCAGGCCATTCTCGAC,0
TGGCCGAGTACCAGGAGGTGCTGGCCCTGATCGCGCGACTA,0
TGGAAATTCTCAAGATCATTCGCGCCGAACTGATCGAGGTG,0
AGGAAAAGTTCGCTAATCCGCGCCGTACCGAGATCGTGGCA,0
GCCGTACCGAGATCGTGGCCCGCACCGGTGAACTGTCGTTC,0
ATATGGTGGTCACCGTCTCTCACAGCGGCTATATCAAGCGG,0
AGGACGAGGATTTCGTCGAGCGGCTCTTCATCGCCTCGACA,0
GGCTCTTCATCGCCTCGACGCACAGCAACGTGCTGTTCTTC,0
GGCTCAAGGTCCATGAGATTCCCCAAGGGGGCCGCGCTTCT,0
CCCAAGGGGGCCGCGCTTCGCGGGGCAAGGCGATTGTCAAC,0
GGGGCAAGGCGATTGTCAACCTGCTCAATCTCGCCCCCGGC,0
AGAAGGTGATGACGGTGCTGCCGGTGAAGGATTTCGTTCCG,0
TGGATATCCTGCTCGCCAGTCGCAACGGCAAGTCAATCCGA,0
GCAAGGTTGTTGATATCAAGCTGTGCGAAGAGGATTCGGAG,0
TGTGCGAAGAGGATTCGGATCTGATGTTCATCACCGACCGC,0
GGCGCAATACCCAGGGGGTACGCCTGATGGTCCTGGAACCG,0
TTGCAGGCGGGTGATGTGAGCCGGATTCATCTCGACCAACT,0
CAGTGGGCGCTGCTCGACTACCTTCTGCTCATTCAGAAATG,0
AAAGCACAGCGGCGAATTGCCGATCTGTATTTCGATCGATG,0
CAGGATTACCCGCGGGCGATCACTTTTTACCATGAGCTGCG,0
GGCCTGCTGCATTATCGTCTCGGTGAAGCCTATTTTCGCCG,0
CTGGTACCCGAAATTCTCTACCGTCTCGCCCGGACGCGCGG,0
CGTCTCGCCCGGACGCGCGCCCTGCAGGGACATGCTGATGC,0
GCCATTCAGTTTTATCAGACCCTGACGGAAGATCATGCCGA,0
CTGACGGAAGATCATGCCGGCGATCCTTTTGCGAAAGAGGC,0
CGCATCGGCCTGGCAGCAACCCTCGAGGAGCAGGGCAGACG,0
AGACGCATCGAACAGGTACGCGGGCGCATGGAACGAAAAAG,0
AGCGCCAACCGGGTGAACGACCTGTATCTACCGGGCACCGG,0
CTGCATGAAAACCTGGCTTTCAGCAACGATCTGCCGCAGAT,0
AGCAACGATCTGCCGCAGACCGTAACAGGTAGGGAGGTTGC,0
GTCATGGCGGGCCTGATTCGCATCGCTGCTCCGCATTTTTG,0
ATCGCTGCTCCGCATTTTTGCGAAGATGCGCTGATCATTTC,0
GAAGATGCGCTGATCATTTCCGCTTCCAAAGGGATTGAGAC,0
GCTTCCAAAGGGATTGAGACCGAAACCCTGCGCATGATGTC,0
TTGACTTTCCTGTCCGGCCCCTCCTTTGCCAAGGAGGTGGG,0
TTTCGGACGTATACCAACAACGACATTATCGGGGTCGAACT,0
GACATTATCGGGGTCGAACTCGGCGGTGCCCTTAAAAACGC,0
GGCGGTGCCCTTAAAAACGTCATTGCGCTCGCCGCCGGGGC,0
TACAACAGCCGGGCGGCCCTCATAACACGGGGGTTGGCCGA,0
ATAACACGGCTTGGCATAGCCAAGGGAGCCAGTCCCGACAG,0
ACCGGTGATCTGTCCCGCAACCGCTCGGTGGGGATCGAACT,0
CGCTCGGTGGGGATCGAACTCGGCCGCGGCCGCAGCCTCGC,0
GAGATTATGTCCGGTATGAACATGGTTGTAGAGGGGGTTAG,0
ACGACCCTCGCAACCTACCGCCTGGCCTCCAAGCTGGGTGA,0
GGAAAACCTCCACGGCAGGCCGTTTCTGACCTGATGGCGCG,0
GCGGTGATTCTTACCGATCACGGGGAGATCCATCTGGAACG,0
GGGGAGATCCATCTGGAACTCTACGAAGAGCAGGCGCCGCC,0
CTTGCCAAACAGGGTTTTTACGACGGCCTCAGTTTTCATCA,0
GTGGTTCCCGGTTTTGTCGTCCAGGGTGGAGATCCGGCCGG,0
GACCCGCAGCTCAAACACCGCACCGGTACCCTGGCCATGGA,0
ACCGGTACCCTGGCCATGGCCCGCAAAGGCGATCAGGTGAC,0
CGCAAAGGCGATCAGGTGAACCCTCAAAGGCGCTCCTCGGC,0
CCTCAAAGGCGCTCCTCGGGCTCGCAATTCTACATCTGTCC,0
GGTGCCTATACCATTTTCGGCCAGGTTAAGGAAGGGATGGT,0
GCAGTTCGCAAGGTACGCGCCGGGGACCGTATTCTTGAAAT,0
GGGGACCGTATTCTTGAAATCAAATTTGTCGAGGAGCGTTC,0
CAGGGGAGCAGCGGAAATGTCTTCGACCATCATCCGCATTT,0
AGTCATCGCCTGTGCCCGACCGGATATCGTCGCCCTTCAGA,0
GCAGCGCCTGGGGCTGAAAGCCTACAGTCCAGGGCGTCGCA,0
TTGCAATGCCTACCTCTCCTCCTTGCGCCTCGCCGGACTGA,0
CAGAATCCGCCAGATTCATGCCCTGCTCGGCAGCGAGCTTG,0
CATGCGGTTGCGTCCGGTGGCACGACCCCTCTGGCGTGCGA,0
ACGACCCCTCTGGCGTGCGACCTACCCGGCCTGCTTTCCGC,0
CTCCCCTCTGGCGCGGGAAGCATCCAGCCACCTGCCGTTGG,0
CTCTTCGGGTTCTCGGTGCACTGGAACTTGCCCACCAGGAG,0
TGGCGACCATTCTCTCCGCCCAGTGTACCGATGAGCGGGTG,0
TTGATCGTTTTCCCGGTCCGCTAGCCATGTGCCAGGCCCCT,0
TTCGATCGACCGGATTTTTCCGCAATAAGGCGCGTCATCTA,0
GCAATAAGGCGCGTCATCTGCTGGGGTGCGGATGTGCGCTC,0
TTCCCATAAGAATGAACGATCTTGTTCAACTGCCGGGGGTG,0
TTCGCGGGGTTGCCTTCGGACGTCCGGCGGTGGTGGTTGAA,0
CGCATGTCAAACGCATTGCACAAAGGCTGGGATGGACTCGA,0
AACGGGATCTGATGCGGTTGCTGCCCCGCAATCGCTGGACG,0
TGCCCCGCAATCGCTGGACTCACACCGGGCATGTGATGATC,0
TTCATGGGCGCCGCATCTGCCGTGCCCCCACACCGCAATGT,0
CGGCGGTACGTTTGTTGTTGCGGCACAGGCGGTCGCTGAAG,0
GCAGCATACCCGGATTCTGGCCCGTCTTTACCCGGCCGCCT,0
CCGTCTTTACCCGGCCGCCGCACAACTGGTCGTTCTTGATC,0
TGGAATCGGCAGCCCGGGCTCCGGTGCGTCCCTGGCTGCGT,0
CATCTGGGACCAACTTACACCGGTCTATATCGGCTATGAAG,0
GGTCTATATCGGCTATGAAGCGGCGATGGCCGAATTGATGC,0
CCCGTCGGTCACCCAGGCATCATCCAAGATCCCTCTGCGAG,0
GCTCAACCTGCGCAGTTTGGCGGAACACGGCAATTTTTTTT,0
TTCCAACCCTTTTTACCAGCCGATGGATATTGCACCCCATT,0
GATGGATATTGCACCCCATACCTATCCGGGGCAGGACAAAC,0
CTATCCGGGGCAGGACAAAGCGGTGGAGACCTTCAGCGACC,0
TACTTTCCCCGCGGCTGATGCGGCACGTGTCCTCCAGGTCA,0
GCGCCTGCGTGCTGCCCATCCGGCCTTAAGCACATTCTCGA,0
GGCCTTAAGCACATTCTCGGCTGGAGAGGCGCATAAACAGC,0
CGTGGCGCCACCCCAGGTTTCGCCCCAATCCCAATCCCAGT,0
GCCCCAATCCCAATCCCAGTCCCGATAACGACCCATCATAC,0
GCTCGCGGTTTTTCCTTATCCATGCTGTAGCTTGTCGGTGG,0
ATGCTGTAGCTTGTCGGTGCCGTACCGGGAGCAAAAGCTTC,0
GCCAGCAGCTGCGGCACGTACCCGACAAACCAGGCGTCTTA,0
TTCCCGGCCACCGGACGTCCCAGCGACCGGGCGCGCCAGCT,0
ACCCGCACCGGCTCCTGGCGCAGCAGGCGCTGGTCGGCTTG,0
AGCAGGCGCTGGTCGGCTTGCAGTCCCTGGCTGAAATCAGC,0
AGTCCCTGGCTGAAATCAGCCGGGTCGATCGATTCAAGTAC,0
GGGTCGATCGATTCAAGTACCCGTCCGTCGCGATCTTCGAC,0
CGTCCGTCGCGATCTTCGATCCGTTTGATATAAGCCGGACC,0
AAGACGCTGAATGCGGTCGCCATCTCCATGGGGGTCACCGG,0
CTGGAGCCCAGCGCCAGGGTCAGATCGCGCGCCAGCGGGCG,0
TAATTAATCGCATAGCCGACCCCGATATCCTCAAGAATCTA,0
TTCTCATAATTTTTCGGCTTCCACACATTGAGCTCGCCAGG,0
TCAGCTTGCTCACGGTAGATCAACGGATTATCGAGAATCAT,0
GAAAAATCTGCCCCCCCCACCATGGCTGTGACAAGTCCCGT,0
TTCGGATCCATGGCAACCAGCGCGCCCTGGGCCAGCGGAGT,0
TTGCCTGAGGGTGCGGCATCCGCCGGGACCACTTCGATGGG,0
GCCGGGACCACTTCGATGGACCCGGCCCATTTGGCCTGCTC,0
CCGGCCCATTTGGCCTGCTGCTTGTCGAAAACGGCCTGCCC,0
CGACCCAGGCGCAGTTTGACCGTAGATTTTGTGGAACCGGG,0
ACCACCGCGCGAACCGGTTCCGTCACTGCGGCCAGACCGTG,0
GCAAACGTGCCGTTCATCTGCTCGTCAAGAAAATCCCCCAG,0
TCGTCAAGAAAATCCCCCACCTGTTCTTCCGTCAGGATGTC,0
TTCTCCCGCACCGCTGTCTGCGCTGCCAACTGCTGATCGAG,0
AGTCCCTGGGTGTAGAGCACCTCTTCACCAAAACGGTTCTA,0
ACCATGCGCTCCAGGACATACTGCTGGCGGACTTTGGCGCG,0
TAGCGGCTGGGTGCCTGCGGCAGACCGGCCAGCATGGCGCG,0
TCGGCCAGGGTCAGATCCTTCACGTCCTTGTTGTAGTAGTT,0
AGGATTCCTTCCTTGGAAAGCCTCTGTTCCATGCGCCAGGG,0
CTCTGTTCCATGCGCCAGGCCAGAATCGCTTCCTTGAATTC,0
GTGAGCAGCAGACTTTTGGCCACCTGCTGGGTGATGGTGCA,0
GCACGCAGGTTTTTAAGTGCCGCGCGGGCAATTGAGGGCAG,0
ACGAAGGCCTGAATCAGCTGCCGCGGCATGCGCTCCACCGA,0
TCGGAAAGCGTGTCGACCTTCGGCAGGGAGGCGGAAACGTG,0
ACGGCAGGGATCAGGATGGCCGCTGCCAGGGCCAGGGCAAG,0
TCAGGTGTTTCGACGAACACCTATGATACCATGAGGACAAT,0
TGGGGTCGCAACTCCCATGTCAAGGGACACTTTTCGCCGTA,0
AAGGGACACTTTTCGCCGTCCCTGGCCGTTTGACTGGCGCC,0
CTGGCCGTTTGACTGGCGCCCTCCATGGCGCCAGACACCCC,0
TCTTGTGCTGATCGGCTGTGCCATGTTCGGCAGTTGGAAGA,0
CATGTTCGGCAGTTGGAAGGCGATTCCTGCTCCGGGCGGGC,0
TAACGATGAGAGCGGTACGCCAAGCTTTCAAAAACCGACTT,0
AAGCTTTCAAAAACCGACTTCAATGCTGCCGCGGGCCATTC,0
AATGCTGCCGCGGGCCATTTCTCCCCTTGAACAGCAGAAGC,0
ACGTTATCACCACTGATTTGCGGAGAAGAGGCATGTTCAGG,0
GGAGAAGAGGCATGTTCAGGCGAACCAAGATCGTTGCAACC,0
GTAGCCATGCTGATAAGGCACAGTGGATCAAGGATATCCGG,0
AGCTGTCCGTTCAGCGGCGCCAGGCGGTCGGAATCCTCGGG,0
ATCTGCAGGGGCCCAAGATCCGCGCCGGCCTGATGGCGGGG,0
TGATCGTCGGCAACCGGATCCTGCTGGATGACGGCCTGCTG,0
AAGATGAGGACGTCTTCTGCCGGGTTAAAGTCGGGGGCGTG,0
GGGTTAAAGTCGGGGGCGTGCTTAAAGACCGCAAGGGGATC,0
TTCAGGTCAAGGCGGATCCGCTGGTGATTGCCAAAATCGAT,0
GTGACGGGATCATGGTGGCGCGCGGCGATCTCGGCGTGGAT,0
TGCAGCCGGAGAAGGTGCCGCTGATTCAGAAAAATATCATA,0
TGATTCAGAAAAATATCATCCGCGCCTGCAACGCCGCCGGC,0
AACCGGTGATTACCGCCACCCAGATGCTCGAGAGCATGGTA,0
AAACCGCCTCCGGCAGCTACCCGGTGGAAGCGGTTTCGCTG,0
TGGAGACCGATCCCGCCCTGCGCAAGGTGGTCTTTCATCCG,0
TCTCGGAAAACCGGGGCTATCGCCACCTGCCCGAGGCGATA,0
TCTCCATCTATGCGGTCACTCCCGCCCAGAAGGTTCGGCGG,0
CCGCCCAGAAGGTTCGGCGGCGGCTGGCTCTCTATGCAGGC,0
TTGAGGGGGATACTGAAGCGCAGATCCGTTCCGTCGAAAAA,0
CGGTGCTTGATGCCGGCGTTCTCAAACGGGGCGAGGTCGTG,0
ATCTGATGAAGGTCCATCGTCTCGGCACCGGTGATTTTTAA,0
CCACCTGTATGGCCATCGCCCGCAGTGAGGGATTTACCCCA,0
GGCAGCGCCATTCGATCGAGCTGCAGAAGGCCCGCGAATAG,0
CCGTTTTTCTCTCCTTTGCGCTGGGCTGGGCCGAGGTGCTA,0
CCGGCTATCCCGACTGCCGCCCGGAGTATATCGCCTCCTTT,0
ACGATCCCACCCCGGAGGGGCTGGCCTGCGGCACCTGCGAT,0
AACCATAAAATCTTTTTCAACGCAGAGGCGCAGAGATTTTA,0
CCTCTGCGCTAAGTCCTCTGCGTCTCTCCGTTAAATCTTTG,0
TCTTCGTGGCTAATCATATCCCCCACGAAGAGGTCCAATCG,0
CGTGAAAAATATCCGCTATCCCATCGTGGTAAGCGACAAGG,0
CGAGAAAACAGCGCCGGTTTCCGGGGCGGTCGGTTTGATGT,0
ACCGGTGACATCCCTGTGCCCCTGTTCGCGCGAGATCAGTT,0
CTGTTCGCGCGAGATCAGTGCCCGTGGTGCCCATAACCAGC,0
GCTCGAGGAGTGCGCCAGCGCTCCTGTTTACTCTCTGCTCG,0
GTGAAAAAAGTTGATAACTCCTGAGTTGCAAAAAGTTTAAT,0
CTTCTGATTTTAAACACCTTCATTGCAGCTCTGGTGCTCGA,0
ATTGCAGCTCTGGTGCTCGGCCTTGTTTTTTCCTGGCATTC,0
CTGCTGGGGAATAATCAGATCGCCTTTTACAGCCGTGAAAG,0
CCGCCTCTGGAAAGCAGTCGCGATCTGGCCCAACGCCTGCG,0
TCTGTTGATTCGGAAAAGGGCAGGCTCCTGTTGACGTTTCT,0
AAATTTATGGGACGGTCCCTCTGGCTTCTGGTATTGCTGCA,0
CTGGTTGAAGGGAGCAACATCGGGCTGGCGCGTCTCAATTG,0
GGGCTGGCGCGTCTCAATTCCAACGGTCAGATCCAGTTCTC,0
AACGGTCAGATCCAGTTCTGCAGTCATGCCCTGCTTGACCC,0
GCGGGGTGCCGGCGTCAGGACATTACTGGTCGCAACCTGCG,0
ATTACTGGTCGCAACCTGCTCGATCTTGATATTTTCTCCGC,0
GCGGATCAGGAAATTCTGCGCAATGCCGTGGCAGAGGTGCA,0
CACATCGAAGGAACCCTGACCGGCATGATTGCATGGTTGCT,0
GGCATGATTGCATGGTTGCGCCCCGTTGATGGAAGGCTGAC,0
AGAATTGCCCAACTTACTGTCGGATCTCGAAAAAACGTCGG,0
GTGTGATCCTCGATAATCTGCACGTTGTCCTCAAGCCAATT,0
TCCTTGTTCGAGCTGATTCTCGACGCCGGGCCGGTAGTCAA,0
GCTGATTCAGAGCGTTTCCTCGATTTTTTCTGGGCGAAAAG,0
GAAGGGGAGGACCCCGGGGCCGATTTCGGGTTCGGCGGCAT,0
CGGCTGGAAAAATTTCTGCCCTTTCTCGCCACCACTGGCTA,0
TTTCTCGCCACCACTGGCTCCACCGCACCCTTTATCGGGCC,0
ATGGATGCATTTCACGGCATCGGTGAAAGTGGCAGCGCCTT,0
GCGATTCCGGCGGTGGTCGGCTACAATCACTTCATTGCCAG,0
TTCCTCAACATCGTTGACCGCATGGGAAGGCGCTAGCCGTA,0
TCATTTTCATGGTCACCGCGCCCATGATGGAGACCGGCGTA,0
GCGATGCGCCGACTCTGGAGCAGGCCGATGAACCGGTGATA,0
TCTCCATCACCCGCGATGGCCAGATAGCGGTGGGACGTTCG,0
AGATAGCGGTGGGACGTTCACGGGTGGAAGGGGTTGACAAC,0
GGGTGGAAGGGGTTGACAAGCTGGTTCCGGTGCTGCGCCAC,0
CCAAACTCGGCATGGTGGCCCAGCCGCAGGAAAAGGAAAGG,0
CTTCGACTATGAACTTGAATCTGTCCGGACCGCGGGAGGCT,0
CCTCGCTGTTGCTCCATCTGCTGCTGATCCTGCTGTTTGCA,0
ACTACGTTGATCTTTCCCAGCTGCCGGTCGCTAACCCCCAT,0
GTGAACCTCCCCGGGCGGCACCGGCTCCCAAGCCGGAGCCA,0
AGCCGGAACCCAAGCCGGAACCCAAGCCGGAACCCAAGCCA,0
AGCCCAAACCGGAGCCCAAACCGGAGCCCAAACCGGAACCG,0
AGCCGGAGCCTAAGCCGGAGCCTAAGCCGGAGCCTAAGCCA,0
AGCCTAAGCCGGAGCCTAAGCCGGAGCCTAAGCCGGAGCCG,0
AGCCGGAGCCTAAGCCGGAGCCTAAGCCGGAAAAGGGCTAA,0
GAAACGAAGGACCTGCCTCGCCAGTCTCAGATGCCCCGGTG,0
ACGAGGCCGGAGCCTCCTATCAGGCCTGGCTGCAGACGTTG,0
CGCGCTACCAGGTCAGCCGTCGCGACCTCGAAGCGCGTGTT,0
TTCTGGATGAATCCGGTGACCGGGTATTTGACGATTCGGTT,0
GGGTATTTGACGATTCGGTGCGCTCGGCTATTCTACGGGAC,0
TCGTTTTCAACCTCAAGGATCTTCTGGAGTAGAACCTTATA,0
AAATCCGCGCACCGGGACAGCAGACCATTCCGTTGGCGTTG,0
CCGAAGAGATCAACGCGGTGCTGCAGGCCGACCTGGAACTG,0
TTTATCGCCTCGAAGGGGAGCAGTTGATTGTCGAAGCACGG,0
AGTTGATTGTCGAAGCACGCCTGTTCGACGTCACCCGCCGC,0
TGTTCGACGTCACCCGCCGGCGCATGCTCGACGGCCGGCGC,0
TCGCCGATCAGATCCTGCGCCGTCTGACCGGCGAACCGGGT,0
GTCTGACCGGCGAACCGGGACCGTTCAACAGCAAGATCGCC,0
ATATTTCCAATGCCACCGGTCACAAGGAACTCTATTTGATT,0
TGATTTTCACGTCCTACAAACAAAACAGTCCCGATCTCTAT,0
AAAACAGTCCCGATCTCTACCGCAAGGAGATCTACTCCGGC,0
GCAAGGAGATCTACTCCGGGCGCGAAGCGCGCCTGTCCGCC,0
GCGAAGCGCGCCTGTCCGCCCGTGAGGGGCTCAATATCAGC,0
GACGCTATGCGCCTGACGGGCGAGAGATCGCTCTGACCCTG,0
TCTCCGACCGGCAGGGGGGCCCGCATGTCTTTGTCATGGAG,0
TCAACGGCAAAAACCTGCGGCGACTCACTCCCGCCCGCACA,0
AGGGCAGCAAGGAGCACCCGCGGTGGAGCCCCGATGGACGA,0
CCGGCGCCCGCCGCATCTCCCCTCCCGGGGGGGCGGCCAGA,0
CTCCCGGGGGGGCGGCCAGCCATCCGGCCTGGTCCGAGAAC,0
GAATCTTTTAAGGAGTAGATCCAATGAAAATCAAACAGCGG,0
TTGCCGGATGCGCCAAAAAACCGGCGACTGAGGATTACGAT,0
CCACCGAGGCACGCCGGACCCTGGCCCGCAATGCCGATTAT,0
TGGCCCGCAATGCCGATTACCTGAAAGAGAATCCTCAGATC,0
CGGGTGAAGAGGCCTGGTCGCGCAATCGGCGAGCCGAATTA,0
AGCCGGTCGAATAGTTTCTTCCAAAGATGATCAACCAGGGA,0
CAAAGATGATCAACCAGGGGCCGCGCATCGCGCGGCCCTTC,0
ATCAGCAGGAGATGAAACGCCGCCTGGCGGAGATCGAACGG,0
GCCTGGCGGAGATCGAACGCCGCGTTCTCGGGCGTTCCGAC,0
CACGACTTGAGACTCTCTCCCGGCGTTTGGCTGAACAGCAG,0
GTCGCCTGGAAGATATGTCACGGGAAAATAATGCCTTGCGG,0
CTTCCGCATTGCGGGCGGCACAGCAGCCCATAGCCGAGGGT,0
GTGCCGCGCAGGATTCTTCTCCCAAGGCTCTATATGAGCAA,0
ATGGCGAATTTGCCCGTGGGCGTGAAACGCTTGGTAAATTA,0
GTGAAACGCTTGGTAAATTCCTGCAGCAGTACCCTGATCAC,0
CGTTTGATGCCCTGGGTGATCGCGACAACGCCCTGGTCATG,0
GCGACAACGCCCTGGTCATTCTGCGTCGTGTCGGTGAGCGC,0
ACCCGTTGTCCGAAGAGGCGCGCAAAGCAGAGGAATTTCTT,0
TCCGAAAGGCGGGAAAGCGGCTTTTCTTTTCTAGAAAAATT,0
ATATATTTCTATTTATGAACCCAAGTTCGACCTGACGGGTT,0
AACATTAAAATTGCTTATGACGGAGTGTGCGGGATGAAAAA,0
TTGCTGTTGATGGGGTGTTCCGAGGATTCGACAACGCAGGG,0
CTGGTGTTTTTTCTCGATCCCAATGGCGGACCCTGCCGCAG,0
CAGAATGATATTATCCAGCGCATGTCTGACGAATTGGAGGG,0
ATGTCTGACGAATTGGAGGGCAAGGTCCATCTGCGCTATGC,0
ATTAACTTCTTTTATGCCCACGGCGTGCGCGGTCTGCCCCT,0
ACGCCCGGGGTCAAGACCGCCGATGATATACGGCGCATGCG,0
GATGATATACGGCGCATGCTCTCCAGTGCCGGGGCGATCTC,0
ACCACCGCCACCGCCCCCTGCTGATCGTGTTCGGTTTGAGG,0
TGATCGTGTTCGGTTTGAGCCTGAGCTTCATCGCCATGGGC,0
GGGCGGTGGCCGGAGTGATGCCGCTGCTGGAAAAGATCGCG,0
CTCTTGGACTGGTGTGGATCCCCTGCGTCGGTCCCATGCTA,0
GCCGCTTTCAGGCGGTGGCCCGTCATCAACTGGCTGTGCGA,0
TGGGATTCGGCACCTACATTCTCACCGCCGGTATGCTCTCG,0
CTCTTGACAGCCAAACAACCCCCGCTGTATTGAAACGAACT,0
ATGAAGCCGCCCCTTCGGGGCATATGACGAAAACTGAACAG,0
GGGTGGACAAAGCGGCCCTTCGAAAACGCGAAGCCCGCGCA,0
GAAAACGCGAAGCCCGCGCACCTTGAACCGAGGTGCGCGGC,0
CTTGAACCGAGGTGCGCGGGCTTTTTTCGTTGCGTCTGACC,0
CTGCGACGCGCACGGCAAAGCCTGCATCGCAGGCCTCTGCA,0
CGACCCGCCTCGAAGAGGTGCTGCGCGACGCCGTGGGTGTG,0
TGCGCGACGCCGTGGGTGTGCAGGTGGTGTCCAACGGGCCC,0
CTCAGCTCGGTCAGTTCAATCTCAGCGATCTGCCGGTGCCG,0
TCAGCGATCTGCCGGTGCCCCTGTCCGAGATCGAGCGCATC,0
TTTTTACCCGCACCCCGCAGCAGCAGCCCCTGACCCAGCTA,0
CCACCTCGGCCCGCCGCGGCCCGGGGCGCTATCGCCTCAGT,0
GTTACCGGGACAACTCGGATCTTGAGCAGACCATCATCGAG,0
GAATGCTGGGCTTTGATCTGCCCGGTGGTTTCGACCTGCAG,0
ACACGTTGGCATCGGTCACCCTGAGCGGACCGGTCGGGGCA,0
TGGATATGACTGTGCGGGGTCACTATGACCGGCGGCGCAAG,0
TTACACCGGCGGATGACCGCCATCTGTTGAAAACCCTGGGT,0
GATTCGAGCGTCACAGTTTTCTGTTCGGCGGTGATTTCTAG,0
AGCGCTGGTCGCTGTTTGCCCAGTATGAATTGGAAGCCACG,0
GCCCCCGTGCGGCGCTGCTGCTCACCCCCACGGACTCCACA,0
TAGTGCGCTTTTCTGCCAGCCGTGCCTTTCGCGCCCCGACA,0
GTGCCTTTCGCGCCCCGACCCTCAACGACCGCTTCTGGCCC,0
CGGCATTTCGGCGTGAGGTGCGCGACCTGATCGAATGGACG,0
AGGACGGAATGGGTGTATGGCAGCCGGACAATGTCAGTCGG,0
CCGGCGGCCGCGTACAGCTTCATGAGCTGCTGGCCGCCGGA,0
CCAACTACACCTATCTGCACCCCAAGAATCGCGACACCGGG,0
ACTATCTGGAAAACAAGATCCGCCACCAGACCCATCTTTTG,0
TGGAGATCGGGCCGATCCTGCAGACGCACCTGCGGCTCGAA,0
ATGAGTCGACGCCGGGATACCCGATGCCTCCGCGGGAGATT,0
GCTGCTGGTTATGATTCAACCCCTGTGCGGGCGACATTGTG,0
TGTAAAAGCTCTTTGGGGGGCTTTATTGCTGCTTTGGCTGT,0
CTGCACCCAGTTGCCGGCCGCGCAATGGACCGACGCCATCG,0
ACCCCCGCAGCGCATTGTGTCACTGGTGCCCGCGGTGACTA,0
GACCGATTTCTGCACCTTTCCGCCCGAGGCGAGGCAGAAGT,0
GCCCGAGGCGAGGCAGAAGCCGAGCGTGGGCGGCTATGCCC,0
TCCCGGCCTGGAAGCGGTGGCGACCCGCAGGCCCGACCTGA,0
CGGGCTGGAAGAGGCGATTGCAGGCATGCGTGCGGTGGCCG,0
AGGCATGCGTGCGGTGGCCGCGGTGTGCGGCGTGGCGGAGC,0
GGTGTGCGGCGTGGCGGAGGCGGGAGAGCGGCTGGCGAAAC,0
GTTCGCGGTGATGCCCCAGCCCCTGACGGTGGCGGGACCGT,0
CCCCGATTTTATCGTTCTTTCTCCCCATACCGGGCTGCCCA,0
GCGCGAGGGGCGCATCATCTCGGTTGATCCCGATTGGGTGT,0
ACTGGGTCTGCGTGCGCTGGCCAATGCTTTTCACGGGCTGA,0
CTGCGCAACCCGCTGGCCGACCCTTATATTCTCGGGGTGTG,0
CCTTATATTCTCGGGGTGTCCGGCGGGGCCGCCCTCGGCGC,0
GTGGCCGCGCTGGCGCTGGGCATTATTCCGATGCAGGCGAG,0
ACGGCACCGGCCGATCCCACCCGCACGGCCGTGTTCTGGCG,0
GCGGGCAATCTCGCCATGGCCGATCCTGCCTGGCTGCCCTG,0
GCCTTTGGCTGGCTGTGGTCCCGTGCGCGCTCTCTCGATCG,0
GTGGGGCGGGCGCGCATGAGCGTGTTTATGGCCGCCGGGGT,0
GTGGTGCGCCTGCTGTGGGGCCCGTCCCACCGGCGCCTGCT,0
CCGGCCTCGGCCCTGCTGGGCGCCGCTTTTCTCATGATCGG,0
GCCGCTTTTCTCATGATCGCCGATGCCCTGTCGCGAACCCC,0
CTGGGTGCGCCGTTTTTCCTCTATCTACTGCGTCGGCGGGG,0
CAGGGGAGATCTTCGGTGTTCTCGGTTCCAACGGCTGCGGG,0
AGGGGCGCGATGTGCGACGCCTGAGTCGCAAGGCGCTGGCG,0
TGAGTCGCAAGGCGCTGGCGCGCCGGGCGGCAGTGGTGCCC,0
GCCGGGCGGCAGTGGTGCCGCAGGGTGCCGCCGCCGGATTC,0
AGGGTGCCGCCGCCGGATTTCCCTTTGCCGTGCGGGAGATC,0
TTTCTCTTGGGCGTTTTGCTCATCAGGGCGGGTTTGTCGGG,0
CTGAACGGGAGGTCACCGGACTGAGCGGCGGCGAGCTGCAG,0
TGAGCGGCGGCGAGCTGCAGCGGGTTCTGCTGGCGCGCGCC,0
GGGTTCTGCTGGCGCGCGCCCTGGCGCAGCAGGCGCCGGTC,0
TGGCGCAGCAGGCGCCGGTGCTGCTGCTCGATGAGGCCACC,0
GCCACCTTGACATCGATCACCGCCTCGAGATCGGCGAGCTA,0
GCCTCGAGATCGGCGAGCTACTGGTGCGCCTCAATCGTGAC,0
TGGTGCGCCTCAATCGTGAACAGGGGCTGACCGTGGTGCAC,0
CGCCGGACGAGGTTTTTACCCCGGCCAATCTGCAGCAGGTA,0
GGCAGGGGCTCAGTGTTCATCTGCTGTGCGGCGGTGGCAGG,0
GGGGGGATCTTCTGCGTCGTCTTTATCGCAGCGGCGCACGG,0
TCAGCGTCGGGCCGCTCAATCGGGGCGATTCCGATCTGCTA,0
GGGGCGATTCCGATCTGCTGCTGGCGGATGCCCTGGGGCTC,0
CACTGAATGATGCTTTCAACCTGTCTCGCAAGGCCGAGCTA,0
AAGACGGGTTACTCGCCCAGCTGGCGCGCCAGGTATTCATT,0
TGGCGCGCCAGGTATTCATCCATGCGCACGCGCGAGGTGGC,0
TTGCCATCGTATTTCTGCTTCATCTTTTCGGCCACGACCGT,0
CTCAGGACAGAGTTGCGACCCTGTAGATACCGTTCAGATCG,0
TGTAGATACCGTTCAGATCGCTGCTGCGGTCAGGGTGAATC,0
GCCTTCTCCACCGGCAGACCCTGCTGCTGCCACTCCTGCAA,0
TGCTGCTGCCACTCCTGCACCCCGTCTTCCATGCGCACCGC,0
CCGTCTTCCATGCGCACCGCCTGGAATCCTTCCGCTCGCAC,0
TGGAATCCTTCCGCTCGCAGCATCTCCACTGCCTCGGCGGC,0
GGGATGGAGAGGGCGCCCGGCAGATGCCCCGCCTGGTATTT,0
AGATGCCCCGCCTGGTATTCCTCCGGCGGGCGCACGTCGAC,0
ACTGCCGCGATGCCGGTGCGCACTCGATCCAGCAGGGTATG,0
TTGCGGTCATTGAAGAAACGCCGGCTTAGCTGTTCGACCTG,0
CGGCTTAGCTGTTCGACCTCCGCCAGCTGGGTCTGCGCCAC,0
CCCTGTTTGCGGGCTTCGGCCAGGTGCGCGCCTCGCAGCAG,0
AGGTGCGCGCCTCGCAGCACCTGCAGATGTTGCGAGGTGTC,0
GCGACGGACAGGCCCGCTTCCCGGGCAAGAGTTTCCACCGG,0
TCGAGCAGCTCCAGCCGCTTCGGGCTGGCAACCGCCTTGCG,0
ATGGCTTCCTTGTAATGCTGCTTTGTTCTTGACATAGGCGA,0
TTTGTTCTTGACATAGGCGTCTTTTTCAACTATTCAATGAC,0
ATTGTCGTTGTCTCCCTTGTCGTGAAGGGGGGCGCAACTCG,0
GTGAAGGGGGGCGCAACTCCCATGACAAGGGGCACTTTTCC,0
ATGACAAGGGGCACTTTTCGCCATCCCTGGCCGTTTGATTC,0
CCCTTGTCATGGGAGTTGCGCCCCCTGCCGGACAGTGACGA,0
GTTTTTGATGTGGTGATCATCGGCGGCGGCCCGGCGGGGCG,0
CTGGTGGAGCGCATGATCCCCGGCGGGCAGGTGATGACCAG,0
GGCGGGCAGGTGATGACCACCACCAAGGTGGAAAACTACCC,0
ACCAAGGTGGAAAACTACCCCGGTTTCCCCGGCGGCATCGC,0
GGTTTCCCCGGCGGCATCGACGGTCCCGACCTGATGATGCC,0
GGTCCCGACCTGATGATGCGCTTCCAGGAGCACTGCCAGGC,0
TTCGGCCTGCGCATCGAAACCGGCGAAGTGGAAGGGCTCGA,0
GTCAAGGCACGGGCGGTGATCATTGCCACCGGAGCCGAGCG,0
GAGTCGGAATTCACCGGACGCGGCGTGTCCTACTGCGCCAG,0
GGCGTGTCCTACTGCGCCACCTGCGACGGCGCCTTTTTCCC,0
GACGCGACCGTCGCCATCGTCGGCGGGGGGGACACGGCTGT,0
GAAGAGGCCCTGTTTCTGACCCGCTTTGCCAAAAAAGTCTT,0
CGCTTTGCCAAAAAAGTCTACCTCATTCACCGCCGCGACGC,0
AATGCCGAGGTGACCGAGATCAAGGGCGACAGCAGCGGCAG,0
AAATCGGTGCAGCTCAAGGACCGGGTGAGCGGCGAAGAGCG,0
CCCAAAGCGCAATTTCTTGCCGAACTGCTGGAACTGGACAG,0
GAACTGCTGGAACTGGACAGCGAAGGCTACATCCAGACCGC,0
GAAGGCTACATCCAGACCGACACCGAGTGCCGCACCTCGAC,0
ACCGAGTGCCGCACCTCGATCCCTGGTGTGTTTGCCGCCGC,0
GACGTGCGCAAGAAGATCCTCAAGCAGATCGCCACCGCGGT,0
GGCGATGGCGCCATTGCCGCCATCATGGTGGAAAAATACCA,0
TTCTCAGGATCAAAAACCGGCAACAGCGTCACTTTACGTTT,0
GGGCGGAGAACCTGTGGGAGCAGGCCGCTTATGACAGGTAT,0
TTCAGTCGTCTTGAGGACGGCACCATTGCGCTGCGCCTGTT,0
ACCATTGCGCTGCGCCTGTACGGCGACTGGAGTGCCGGCCC,0
GGCGACTGGAGTGCCGGCCGCATTCCGGTCTCCCTCTGGGC,0
ATTGAGTTCCACGAGGACAACCTGCCGCCCGGAGCGCGACT,0
CTGCTGGCAATGGCTGCCGACAGGCCGGCCCGGTCGCAACG,0
CTTCTGGAACGCGTTGCCGACCGCGCCATCAGCGCCTGGCG,0
ACAGCCATGGAGATGCTGGCCTTCCTGGGTGAGGCGACCGG,0
GCCTTCGCCCGCCTGCTCAGCGGACGCGCGCGCTTCCGCAT,0
CGCGAGTGCGGCGCCGGCGCCCTGCCCATTGTTTCCCTGAG,0
CTGCCCATTGTTTCCCTGATCAGCCTGCTGGTGGGGATGAC,0
AGCCTGCTGGTGGGGATGATCTTCGCCTTCGTGGGGGCGGC,0
GTGATGGGCGCCATCATGACCGGCATCATCATGGCGGGCCG,0
GGCATCATCATGGCGGGCCGCACCGGCGCCGCCTTCGCCGC,0
CGCATCGGCACCATGCAGGTCAATGAAGAGATCGACGCCCG,0
AATGAAGAGATCGACGCCCTCTCCACCCTCGGCATCTCGCC,0
TCCACCCTCGGCATCTCGCCCATTGAATTTCTCGTTCTTCC,0
ATTGAATTTCTCGTTCTTCCCCGCATCATCGCCCTGACTCC,0
CGCATCATCGCCCTGACTCTCATGATGCCCCTGCTTTGCCC,0
ATGATGCCCCTGCTTTGCCTCTATGCCGACCTGATGGGTAC,0
TATGCCGACCTGATGGGTATCCTGGGGGGGCTGCTGGTCGC,0
CTGGGGGGGCTGCTGGTCGGCGTGACCATGCTCGACCTCAC,0
ACCAAAAATACGGTGCGGCTCAAGGATTTCTGGGTCGGCCG,0
TTCCACAGCGCGGTGTTCGGCGTGCTGGTGGCGTTGTCGGG,0
GTGCTGGTGGCGTTGTCGGGCTGCCTGCGCGGCATTCAGTC,0
TGCCTGCGCGGCATTCAGTGCGGGCGCAGCGCCTCGGCCGC,0
GTGGTGACCAGCATCGTCAACATCATCGTGGCCACTGCGGG,0
ATCATCGTGGCCACTGCGGTCATCACGGTGATCTGCAATAC,0
GCGGCCATTGAAGTAAATAACCTGACCATGGCCTACGGCGA,0
GATATCTTTATCATCATGGGCGGCAGCGGCTGCGGCAAGAG,0
GGCAGCGGCTGCGGCAAGAGCACCCTGCTGCGGCACCTGAC,0
ACCCTGCTGCGGCACCTGATCGGCCTGCACCGCCCGGCTGC,0
GGCACGGTGCGTTTTGACGGCACCGATTTCTGGGTCCTGCG,0
GCTGACGAACGGCAGCAGTTCATGCGCCACTTCGGCGTGTG,0
AGTTTCAAACTGGCCCTGGTCGGTCTGGCGGGATTCGAGGA,0
TACTATCCCCGCGAGATCAGCGGCGGCATGAAGAAACGCGT,0
GGCGGCATGAAGAAACGCGCCGGGCTGGCCCGCGCCATGGC,0
GGGCTGGCCCGCGCCATGGCCCTTGATCCCGACATTCTCTC,0
TTCGACGAGCCCTCGGCGGGCCTTGATCCGATCAGCTCGCT,0
CAGCTCGACGAGTTGATTCTCGAACTGCGCGACAGCCTCGT,0
GAACTGCGCGACAGCCTCGGCACTACCCTGGTGGTGGTGAC,0
ACTACCCTGGTGGTGGTGACCCACGAACTGGCAAGCATTTC,0
CACGAACTGGCAAGCATTTTCGCCATCGGCAGCAATTCGGC,0
TTTCTCGATGCCGAAACCCGCACCATGATTGCAGCCGGCGG,0
TCTGACGATCCACGGGTGCGCCGCTTCCTGACCCGCGGCGA,0
CCGTCACCGATATCCAGATCCAGGGGGATATGCAGGAGATT,0
GCCATTCGCCTGAATTCCACCAGTCCCTCGTCAACCGCGGG,0
AGTCCCTCGTCAACCGCGGACTGAGGGCCCAGATGCAGACC,0
TGAGGGCCCAGATGCAGACTCAGAGCCTGGTGACCGGGCAC,0
AGAGCCTGGTGACCGGGCAACTCATGATCAACCTCGATTTC,0
TCATGATCAACCTCGATTTCCACCAGGACCGACCGGCCCGC,0
TCTCTCAGATCCCGACCATTCCGTCCACCACTGCCTTGCTT,0
CGCAGAAGCTGGAAGAACTCCCCCTGCAGCAACTGGTGGAG,0
CCCTGCAGCAACTGGTGGAGCGGACCAATCGGCTGGTCGGC,0
ATGATGATATGCAGCAGATGCCGCGCAACCTGAACCTGGCG,0
TGGAGGGCCCCACCGGCGAGCTGGCGGACAACCTGAACCAG,0
AGTATCAGCTTCGCTATGCCCTCAGTGAATTAGGGGATGCA,0
TGGAATACCTGGGACGCCACCCGGAAGCGCTGCTGCGCGGG,0
GAGCATGAAAATTCATTCGTCGCTCGCTACCCTGCTTCTGT,0
GTTCGTTGTGCTGCAGTTGGCTGCCTGCGCCCGAACGCCGT,0
TGCCTGCGCCCGAACGCCGCCGGCCCGCTTCTATACCCTGC,0
GGCCCGCTTCTATACCCTGTCCTCCCTGTCCCTGGACCAAC,0
CTCCCTGTCCCTGGACCAATCGACACACAGAAATGCTGCGC,0
GACACACAGAAATGCTGCGGCGGACCGCTCCCGCCAGGTAC,0
GGCGAAGTATCTCGAGCACCCCGCGATTACGACCCGCAGCT,0
TGCCACGACCCTGAAGCGTTCGGAACTCGACCGCTGGGGCG,0
CCCCCTGGGCGACGAAATCACCCGGGTGCTGGTGGAGAACG,0
CGCCGCCTGGATGATTTTTGCCGGGAAACGCAACAAACTCA,0
CGGGAAACGCAACAAACTCGCATCCTCAGGCGATATCTCCC,0
TGACGAACCTGTCGAGGCGCCGGACTATGCCGCCTTTTCCT,0
GGAGTTGAGCCACCGTGTGGCAGCGGAGATTGATGCCGTCT,0
ATGATGGCAACGTAAACAGACCCTGTTCGGAATGTTTGGTG,0
GGTCAGGCAGTCATTGAGCCCCTTTTCGTTGTACATGGCAA,0
CTTTTCGTTGTACATGGCATCCGATCCGTGGCAGCTCAGGC,0
CTTCTCGGTATAGGACGCTCCGGCCGCCATCATCCAGGTCG,0
TTTTGAATGGGTTTTCTTGTCGTCGTAGGCCACCAGGTTGG,0
GGAGCCGCACAGGGTGCCTTCTCCGCCGTAGCCGCCGGCGT,0
TCCGCCGTAGCCGCCGGCGGCATGGTGAAACATGTCATCAC,0
AAGCAGGATATAAGGGAAGCCGATCTCTTCTTTCATGAGGG,0
GAGGACCCCCAGCCAGGCGCCGGTGCCTCAGCCGCCTTTTT,0
GGTGCCTCAGCCGCCTTTTTCATGGTAATAGTTGAACGCTC,0
TCTGCCGGCTTCCATCGGGTCGAGTTTCTTCCACGGCCAGT,0
GTCGGCCATGGCAACGCTTCCCGCCAGGGCGCTTCCCGCCT,0
CGCCAGGGCGCTTCCCGCCACGGCCATGCCGGTGGCGGCGC,0
ATGTTTGAGCATGGTGTCTCCTTTTTTCTGCAAGGGGCAAG,0
AATGTATTTGGCATTTCTTTCATTGTGAACGAATATTTCAA,0
ACTTCTGCATGGCCGGTATCCTCCGGGATGTTTTTTTGTTG,0
AGGATTATGAGCGTCTCCGGCATCTTTTCCTGGCTGTCATA,0
ATCTTTTCCTGGCTGTCATCCTGACTCTGTTGTTTTTTACC,0
TGACTCTGTTGTTTTTTACCCTGCTGCGCACCTTTGATCTC,0
CCGGGCATAAAAGCTTTCTGCTTGGGAGCGTGGGCGGGGTG,0
CCGGCAATCTGACTTATTTGCTGGCCTTTGTCGGCCTTGTG,0
GGCACGGAGAGCTGAATCTGCTTGAACAGTGGCCGGGTTTT,0
TGGTCGGAATCTTGCTGGTCCTGTTTATCTGGTGGCGCCGT,0
TGTTTATCTGGTGGCGCCGGCAGGGAAAATGGACGGTTGCC,0
CCGCGCCGGAAGGTTACATGCAGCCCTGGCTGACCGCCGTG,0
AGCCCTGGCTGACCGCCGTGCTTCTTGCCGCGGCCAACCTC,0
CGGCATACGCGGTGAGCGGCCTGCCGGTGAGCATTTCCACG,0
GGCTGGAGAGCCTGGTTGCGCCCGTCCATGTGGCAACCCTT,0
CTTTTCTCAACGCCCTGTGGCTCAAAGAGTTTCGCCTTTCG,0
GCGTGCCGCTGCTGTCGCTGCATTCCATGCTCTTCGTCTGG,0
GCATGCTGTTGGGGGCCTGGCTTGGCGCCCAGGTGCTGCCG,0
TTGGCGCCCAGGTGCTGCCGCGCATCATTTTGAGGTGAGAC,0
GCATCATTTTGAGGTGAGACCTATGGAATCCCGTGAAATTC,0
TCTCGGCCAGGTCTGCCCGGCCTGCCTGCTGGTGGCCCTCT,0
TCACCGCGACAGCACCCGCACCATCCCCAAGGCGGCACGCA,0
AAAAAGATGCGCTGCGCAGGCGCTGCGCCGAACTGGAAGCG,0
ACATCCGCGACAAGACCAATCATCTGCTCGGGGTGATCGGT,0
TTGTGGCCCGGTCTTTCCTGCAGATTCTGACCAATCTCAAA,0
AGATTCTGACCAATCTCAACCAGACCATTGACGAACTGCGC,0
TCGGCATCTCCATTGTCGACCGCAATTTCGTCGTTGAGCGG,0
GTTTTGAGGTTTACTGCGACCGCAACGCACCGACTTCGGAT,0
AGGATGCTGAAAAAGAACTGCGGGAATTCTGCCAGACTGAG,0
TCGAAAGCCTTTCGGAGGGGCTGCTGGTGGTCGATGAGCAA,0
GGCGGATTGTGTCCTGCAACCTCGCTGCGGATGAAATAACG,0
CGATCGCTGAATTCGCGCCTCTGCTGCGCAGTGATGCCGGG,0
ACGAGGGGCGTCCTCTCGGCCATGTTCTGACCTTCCGCGAA,0
AAAAACTGGCGGCCATCGGGCAGCTTTCCGCAGGGGTGGCG,0
AGCTTTCCGCAGGGGTGGCGCACGAACTCAACACCCCTCTC,0
GCAGCGTGCTGGGGTATGCGCGTCTGCTGCTCAAAGACAAG,0
CCATTATTCAGGGGTTGCTGCGCTTCGCCCGCCAGTCCAAA,0
GCTTCGCCCGCCAGTCCAACCCGGCCCACCGCTGCCTCGAC,0
CGGCCCACCGCTGCCTCGAGCACTGCTTCCTCAATGATGTC,0
TGTCCACCGAGTTGGACAAGCGGAAAATTGAACTGATCAGT,0
TTGTGGCGGACCCGCAGGAGCTGGAGCAGCTTGTTCTCAAG,0
TGGAGCAGCTTGTTCTCAACCTGACCATGAATGCCATGCAC,0
ATATCGCCGGGGGTGAAGACCGGGGCGCGACCTTTATCGTG,0
TAGAGGGCTCAGGTGACCTGCATGAATGATTCAAGCTCCAG,0
ATGAATGATTCAAGCTCCATCCTGATTGTTGAAGATGATTC,0
CTGATTGTTGAAGATGATTCCACCATGCGCCACCTTATCCC,0
ACCATGCGCCACCTTATCCGCGACACTCTCGCGGCGGAGGC,0
GACAGCCGTGCCGCCGCCAGCCTCATTGAGCAGAGCCGGGA,0
CTCATTGAGCAGAGCCGGGTCGATATCGTCCTCACCGACCC,0
GTGGTGATCGTGATCACCGGCTACGGCACCATTGAGTCGGT,0
GGGGGAGATCTCATCGGCAGCAGCCGCAAGATGGTGGAACG,0
AAGAATTTCATCGCCAGGATCGCACCCTTCGACACCACTGG,0
CTGATTCAGGGTGAGACGGGCACCGGCAAAGAGCTGGTAGT,0
ACCGGCAAAGAGCTGGTAGCCAAGTTCATCCATCAGTGGAC,0
TCCAGGGTCGGGCGGCGTTTCCTGCCGGTCAACTGCGGCGT,0
CGCGGCGCCTTCACCGGGGCCGACAGCGACAAGAAGGGGCG,0
ACGATCTTTCTCGATGAAATCAACTCCATCTCCCCTGCCTG,0
CTGCAGGAAGGGACCTATCTCAGGGTGGGAGGGCGCGATCT,0
GGCCTATTCCGCAGCGATCTCTATTATCGGCTCAATGTGGA,0
TACGGCAAGACGATATCGAGCATCAGCGGCGGTGCGCTCGA,0
GAGAACGTGATGGAGCGCGCCATCATCGTCGCCGACGAGAG,0
CAGGAACCGATGGAGTCGGACGACGTGCTGATGTCGCTGGG,0
GAGATGGAAAAACGGTTGATCGTCAAAGGGCTGCGCCACAG,0
GTCAAAGGGCTGCGCCACACCGGCGGGCATAAAGGTAGAAC,0
GCGGAGATTCTCGGCATCAGCCCGGTTTCGCTGTGGCGCAG,0
TTTCTTGGCTCCCAGGCCGTCTTGTTTCGAGAGGATTTTAA,0
TTGTTTCGAGAGGATTTTAGCGAAGTGGCGCGTCCGGCAGC,0
ATCGAAAAAGGCGCGCAGAACGCCGGTGCGATACTTCTCCA,0
AAGGAAAGACAGCTGATCCACCCCCCCAGGCTGTTATGCGA,0
CCCCCCAGGCTGTTATGCGCCGACGGGGTAGGATGAGCGTC,0
GAACCCCTTTTCCCGGCAGCCCCTTGAGAGGTTTGGGGGCT,0
ACCCCATCTCCTCGTGGCGCCGGTGCGCGGCTTCGAGGTCA,0
CCAGGTTCATCACGCGGATGCAGGTGTGGATCATCTTGAAT,0
AGTAAAAAAAAGCATGGGGTCGTAACACCCATGACAAGGGA,0
GTAACACCCATGACAAGGGCCACTTTTCGCCATCCCTGGCC,0
GATAGATAAAAGTAAATTTACCGTCGCGAGAAAAAGGCCAT,0
CGTCGCGAGAAAAAGGCCATCTGGGTGGAGCTGCCGAACTC,0
TGGGTGGAGCTGCCGAACTGCGGGTCTGCGGTGCCGACGGC,0
TTGCGCTGGGCGGTGCCTTGCGCCCATTTGCCAAACTTGGG,0
CGGTAGCCCGCAAAAACCGCCTTTTCCACCAGGGAGAGCCA,0
TCAAACCCCGCCAGCTCCTCCATAAAAGAGGTGAACGATCA,0
TAGTACAGCCCAATGCGCTGCTGCCTGGTCTCTTTGTCGAA,0
TGCCTGGTCTCTTTGTCGAGCCCCAGAAGCTGTCGCGCCGC,0
CCCAGAAGCTGTCGCGCCGCCGCCAGTGCCTCCTGCGAAGC,0
GCCAGTGCCTCCTGCGAAGTCTCCAGGCCGGCAATCCTCTC,0
AACTGCGGTTCGCCCGCCAGCCGCAGCAGCAGCTCACCCGG,0
CTCTCGGCCCCGCTCGACCGCAGCACGCCGATCACCGCCGA,0
AGCACGCCGATCACCGCCGCCAGCCTCTCTTCATGAAGAGC,0
TTGCGTGACTTGTCATGAGTCGCTACCGAGAATATCCTACG,0
AAGGCGGCAGCGGCGCAGGCCCACAGCGGCGATTCCGGAGG,0
ATGGCGACCCAGAGGACAAGCAGGGTCAGCAGGCCGGGGAT,0
TGGTTCTTCATGACAGCAGTCCTTTCTGGTCGATGACTGTA,0
CTTTCTGGTCGATGACTGTTCGGCATGGGCGCAACTTGGCC,0
GGTGCCATGTCCGAAAAAAGCGGAAGTTACGTGCGGTCCCG,0
GCCGATATGGAGGCCTTTGACGGGAACTGGAAGGCGTCCGT,0
GGGAACTGGAAGGCGTCCGGCGGCGCTGAACGGGCCAACTC,0
GGCGCTGAACGGGCCAACTACCAACTCTTCCTTGCAGAACC,0
CAACTCTTCCTTGCAGAACTCTGCCGGCAGCTCGGCATCCC,0
TGCCGGCAGCTCGGCATCCCCCAGCCGGAGCCGACCCGGCC,0
CAGCCGGAGCCGACCCGGCCCGACGACAACGAAAACGGCTC,0
GACGACAACGAAAACGGCTACGTCTTTGAACGTACTGTAAC,0
GTCTTTGAACGTACTGTAACCCTCCAGCACGGCGACGGCAC,0
CTCCAGCACGGCGACGGCAACACCTCCCCCAACTATATCGC,0
ACCTCCCCCAACTATATCGACCTCTACAAACGCGGCTGCTC,0
CTCTACAAACGCGGCTGCTTCGTTCTCGAGGCCAAGCAGGC,0
GTTCTCGAGGCCAAGCAGGGCAGCGACAAACCCGGACCGGC,0
AAGTATAAAACCGGCACCGCCAGGCGCGGCACCCGGGGGTG,0
GATCGCGCCATGCAGGCCGCCAAGAATCAGGCCGAGCGCTG,0
AAGAATCAGGCCGAGCGCTACGCCAAAGCCCTGCCCCTCGC,0
GCCAAAGCCCTGCCCCTCGGCGAGGCGATTCTGGAGCGGCC,0
GTGGCGCTCAACAATGAGCGCGCCGCAGAAGAGGCGCAGGG,0
GCCGCAGAAGAGGCGCAGGGCCGGGTGCGCTGGCTGAGTCC,0
CGGGTGCGCTGGCTGAGTCCCGACTACCAGAATCCCGGCGC,0
GCCGCCGCCCCGGTCGTCACCGAAAAACTCCCCTGGCCCAA,0
GCCGTGCGCACCGCTCTCGCCCGCCAAACCGTGCCCATCGG,0
CGCCAAACCGTGCCCATCGGCGCCAAGGAACTCAAAAAACC,0
TTCAAAAACGCCCGCGAAGCCAAAGCCCTCGAAATCCTTCT,0
GAAACAGACCGCCCGCTTGCCTGTAAAAATTCAGGGGATAA,0
AGCACCCTACTGAAGAGGCCCGGTTTCGCGGCAATCCTGCA,0
CAATTGCCCGATTGCGCGAACTGGCGCGCGACCTTGGCGCG,0
CCAACGAGGTCTTTCCCGAACTGGCGACCAACCGCGCCGGG,0
GCGAAATGGAAAACGGCAAACGCGGCATCGGCAAGGAAAAA,0
CCCGCAAACTGGCACCGGCGCTGAATGCCGACTATCGGTTG,0
GTTTTTGATCGCTTGTCGGACGCACTGGAGAAAGCCCAGGT,0
GCACTGGAGAAAGCCCAGGCCGAACAGGATCTGCCGGATTC,0
ATCTCCCTGTATGACACCTACGGCCAGACAGGGTACCTCGG,0
GGCCAGACAGGGTACCTCGGCATGGGGGTTAACCATGTCAC,0
ATGGGGGTTAACCATGTCATCCTGCAGAAGACCCTGGATCC,0
TTGTTAAAGCAGCCCTGAAACAGGCACATGGAGAAGTTACA,0
AAAATTTCCTCCCTGCTGGCCTGGTTTTCTATGGCGGCTCA,0
TGCAGGTGGGCCCGCAGGGTCGGAGAAATCAGGCAGAACAA,0
GTGTGAACCGGCTTGCCGTCCAGAGCATGAAAGTCCACGGG,0
AGAGCATGAAAGTCCACGGGCTTTTCCAGGAAGGCAAGGGC,0
ACGCTTGGTTTGGTGATATGCAAAAGGACCGGGTTGCGGGG,0
CCGACACCGGTCGAGGCGAGCTGTTCGCGGGCGTTGAGCAG,0
TGTTCGCGGGCGTTGAGCACCTTGAGCAGGTATTCCCGGTC,0
TCCAGTCGGTAAACAATCCCCCCGGTCTCAAGAGACTCAAG,0
CCGGTCTCAAGAGACTCAAACAAGGTTGGCAGGGCGGCGCC,0
CGCCGGGACGTCGCCCATTCCAGCAGTTCCGCGCGATTGAG,0
AGCAGTTCCGCGCGATTGAACCGGTACTGTTCGTTGACCTC,0
TTAATCCAGCGATAAATCGTCTTTTCCGAAACACGCAACAT,0
TCCCCCCCCGGACCGGCGAGCCGCCAAAGCTTTTGAATTTA,0
CGCCAAAGCTTTTGAATTTACCAAATCCCCCCTTGAACCGC,0
CAAATCCCCCCTTGAACCGACTATTTACACGCAATCCCCTC,0
TTCTCCCGACCATCAAAATCCAGGGGAGTTATCGTTTCAAA,0
AGGGGAGTTATCGTTTCAACCGGGCTGAACTGCTGGAATGC,0
AACCGGAATCCGAAGCCCAGCCGCTGCCGACTCTTTACGAG,0
ACGCAGTGAGCCACCTACGCCTGCCCGAAGATGTCGACCGG,0
TGCCCGAAGATGTCGACCGCCAATACCTGAGTCAGGTTCTC,0
AATACCTGAGTCAGGTTCTGCTCGCCCGTGAACAGCTTGCC,0
ACTATCACGCGCTGGACGGCCAGGCGGTCAATATCCTGCTG,0
TCATCCTTTCTCCGAACCTCCGCTCACATCTTCATCTTCTA,0
CAAGACTGGGGTTTGTTCTCCAGTCCCCGGCGTTTCGGGCT,0
TTTTGCAGGACCAGGATAGCCGCGAGAGGATTTTTGGAGCG,0
CCTCTTTTTTAGTAACTATTCACCTCGCGGGGTCGCAGCTG,0
ACCTCGCGGGGTCGCAGCTTCCATGTCAAGGGATGGCGAAC,0
GCGATCCCATGCTGCCCCCTCTTTTATTGGTCTGGCCTTCT,0
GATGGCCTGGAGTGTCGGGGCCGGAGGACACGGGGGAGGAT,0
GTGGGCTGGTGGCCGGAGCTCTCTCCCTGAGTCACAGCGTT,0
GGTCTGTGCCTGGGGGTTCCCTGGCCTTGGGTCTCGATCCT,0
TGGCCTTGGGTCTCGATCCTCTCAGCGCGATTTTTCTGCTC,0
CCGGGTCCGTCTATGGGCTGCGGTATTGGCCCCAGCAGGAA,0
GGTATTGGCCCCAGCAGGAACATCCCGCCAACGGTCGTAAC,0
TCTGCGGGGCGATGATCCTTCTTTTTTCGGCGCGCAATGGA,0
ACCACAAGGACGAGGTGCGACGGGCCGGGTTTGTCTACCTG,0
TCGCCACCCATACCGGCACGCTGGCTCTCTTCGGCCTATTA,0
TGAAGGCCGGCCTGATGCCGCTGCACATCTGGTTGCCCGGA,0
CCCACGCTGCGGCTCCAAGCCATGCCTCGGCGCTGCTCTCG,0
CCTCCTTTTTTGCCGAGATCCCCTTCTGGTGGGGCTGGACA,0
CGGGAGTCATGGGGGTGGCCCTGGCGCTGGCTCAGCACGAT,0
TCAAGCGCCTTTTGGCCTACCACAGTGTTGAGAACATCGGA,0
TCATCGCCCTCGGGCTCGGCCTTGCCCTGCTCGGTCGCAGA,0
CCCTCGCTCTCGCGGGGAGCCTGCTGCACGTCGCCAACCAG,0
AAATCGATCGTTACGGCGGTCTGCTCAAACGCCAGCCCTGG,0
TCAGTGAATGGCTGATTTATCTCGGGGCTTTCCAGGCCTTG,0
CGGTCGCGGCTTTGACAGCGCCGGCGCTTGCCCTGATCGGG,0
TACTGCCGACGACCCTGACCCCTCTGCTGGGCGCCGCCGTT,0
TGAGCCTTGGCGGGTGGCTGCTGCTGGGCCTTGTTGCCGGG,0
TCGGTTTCTGGCTGTATCGGCGCAGTCGCCAGGCCCCGCGG,0
GGTACCGGTTCCCTGAGCCGCGCATGCAGTATACCGCCGGG,0
CGTTCGCCGACAGCCTGGTGCGGCTGTTCCAATTCGGCCTT,0
CCGCTGCTAAATTCTCGAGTCACACCCCCGATGCGGTCCTA,0
TCTACCTGATTTATGTTGCTCTCGCCGTGATGGCGCTGCTA,0
GCAGCCCTATTTCGATCTGGCCCGACTGTGGCACAAGGGGT,0
TGTTTTGAGCCGCACAACGACATGGGTCTTTCTGGCCGGTT,0
ATGGGTCTTTCTGGCCGGTCCGGTGGTCGCTCTGGTGGTGC,0
GGTGGTCGCTCTGGTGGTGCCGGTGTTGGCCTCGCTGCTGC,0
TCCCTTCGGGGCGCTACCGGCGCCGATCTCCTTCGAGGGAT,0
GCTGGTGCTGGCCCGTCTTTCCGGCGGACTGTCCCTTAATT,0
CGGCGGACTGTCCCTTAATACGCTGTTCGGCGGTCATTTGC,0
GGAGGCCTGGCACAGTGGAGCCGGCGCCTCGCTCAGCCTGT,0
AGGCATGGTCCTCTACGGGGCCGCACTCAAGATGATGGTGT,0
ATGGTGGGTGAGTGATGCCGCAATTTTTCTGGCCGGGCTGG,0
GGTGGTCGAGTCGACCATGGCGCGCCTGCGGCTGTCGCGCG,0
ACCGCAGGTCCTGATCGGCACTTCGCTGCTCTCCATCTTCT,0
TTCGCTGCTCTCCATCTTCGCACTGGTGCTTGTTCTGCGCC,0
AAAGACCATGACGGATTTGACCAACCCGCTGCTGCTCGCGA,0
GATCCTTATCAATTTTTTCACTCTGGGCAGCGCCAGGCTCT,0
TGCCTGCATCCGGGTGGTGTCGGTCCAGGGAGCGCTTCTGG,0
GGTCCAGGGAGCGCTTCTGGCGTTGTTGCCCCTGACCACCC,0
CCCCTGGCTGCTGTTCCGTGCCATCCGCGAGGTGCGTATCT,0
CCTCGGAGCGTTGACCACCGCCGGCGCTTTCCTGTTTGCCT,0
CATCAGCCGGGAGTTTTCTACCATCAACACAGAGCGGTTGA,0
CATCAACACAGAGCGGTTGTCTGCTCTTAAGGAATAAGCCC,0
TGATTGCACTTCTCGTTGCTCTCCCTTTGGTCGCAGCCGGA,0
GCAGTTTCATCATTCCCTGGCATCAGGCACGTTCATGGCTT,0
ATCAGGCACGTTCATGGCTTCTGCCGGCCGTCAGTGCGGTC,0
TGCCGGCCGTCAGTGCGGTACATCTGCTGCTGTCGACGCTC,0
CCGAAGGGACCTGGATCGGTCTGGACGCCCTTTCGAGTCTT,0
TGCTGGTGGTGACCAGTCTGCTCTTTTTCGGTTGTGCGCTG,0
ATGCGGTCGGCTACCTGGACCTGCATCCTGAGCGGGGCAAT,0
AGGTCATGGTCCCCTGCCTTCTGATCTTCCTCGGTGCGATA,0
GCCTTGCCGTGACTGCGCGGCATCTCGGTCTGCTCTGGATA,0
TTGAGGCCACCTGGAAATATCTGCTGATCTGTTCAGTGGGA,0
TCGCCCTGGCGATGCTCGGCCTGCTTTTCGTGGCTTATTCA,0
TCAGCCTGCAGTTTGACAAGCTGCTGAGCCAGGCGACCACG,0
CCCTGGCGCGCCAGGAACTGCTCGGGATGGGAATACTTTCG,0
TCGGGATGGGAATACTTTCGCTGCTGGTCGCGGCCGTCTTC,0
CGGTCGAGCATATGGGACTTCTGGCGATCGGCGTCAGTATT,0
ACGCCCTGACCAAAGGCGGGCTGTTTCTTGCGGCGGGCAAA,0
TCATGAGCGAGTTTACGATCCTGCGTGGAATCTTCGGCAGT,0
ACCGCCTGGTCGTCGGTCTGCTGGTGCTGCTCCTTCTCGCG,0
CGACCGTTCTGGCGGCCACCCAGGGTGAAGCCTCCGAGGCG,0
CCCCCGGTTTTCGAGACAGCCCACTGCTGTGTATTTCTCCA,0
CACTGCTGTGTATTTCTCCTCTGTGTTTCATGCTGCTGATC,0
TGTGTTTCATGCTGCTGATTCTGCTGATCGGGGTCTATATC,0
TGCTGATCGGGGTCTATATCCCCGAGCCGATGCAGAACGCC,0
CCGAGCCGATGCAGAACGCGCTGCATCAGGCGGCGGCCCTC,0
TGCATCAGGCGGCGGCCCTGCTGGAGGTGCAACCATGAACC,0
TGGAGGTGCAACCATGAACCCTTCCCGCGTGATCCGCCTTC,0
ATTTTCATCCTTTCGCAACACCCTGCTTGATGAGGTCGCGA,0
AGAACTGGTGCTGCTGCATACCCGGGTGAAGGAAAGCTTCG,0
CCGGGTGAAGGAAAGCTTCCCATCGCTGACGCCGGAGTGTC,0
ATCGCTGACGCCGGAGTGTCCGCAAGTGCACCTGTTCGAGC,0
CGTCCGTCCGCAAGGGCACCCCTGGCTCAAGCCGGTGCGCG,0
GGACGATGAGCACCCGATCCCCGGCGATATGGACTTTTATG,0
TCACGCCGGCGTCATCGAACCGGGTCATTTCCGTTTTCAGT,0
CGAGGCGGCCGCTGGGGACACCACTATCGGCCACGCCACCT,0
CACTATCGGCCACGCCACCGCGTACAGTCAGCTCATCGAGC,0
CTTGGCCGGGGTGAAGGTTTCACTGCGGACCCATGCCATCG,0
TGATGTCGGTTTTCTGCCGACCGCATCGTTTTGCGGCCGCG,0
CGACCTTGATCCGGCGCGGGCCGAGACCCTGACGCAACGAT,0
CAAAGTCCTTGCCGCAGAAACCCGTGGCGCCATCGAGCTCT,0
ACGCGTGACCGCCGATGACGCCGAAGCCCTGGGGCTGGTCG,0
CGAGACGCGCTTCGATACCCCGGTGATCGAAACCGATGGCG,0
CCGCCGTCGCGAAATCTATGCTTCGCACCGGCTGATCGACT,0
GGACCTCAAGCGACTTCCGGCCGGGGAGATCCGGACGGCCA,0
GCCTGCTCTGGCGCCGGAATCCCTGGGAATTTCCCTCTGTT,0
CCATGTCGGGATCACCGATGCCCAGGGGAGGCTGGCGCGCT,0
TCATAACTGGAGCGCTCTGGCAATGGCCCTGCGTGGCGAAT,0
CAACAAGAGCTTCAATCTCTCCTACTGCGGATTCGACCTAG,0
CCAGGGGCATCGCACCGGCACCTTTCCCAAAGAGGCGCCGG,0
CCTGACCCCGGCGGAGTGCGCAGAGGTTGCCGCCGCGTGCA,0
AGAGGTTGCCGCCGCGTGCCCCTTCGCTGCCCTGGGCTGCC,0
CTTCGCTGCCCTGGGCTGCTCCGACAGCCAGCTGCAGATCC,0
CGCCGATTGTCCGGCCGCAGCCCGGGGCGCGCTCACCTTCG,0
GCCGAAGCTGGTGATCGCATCGGGCGCCTGCGCCATCGCCA,0
CGGGCCGTTTCGCGACAGCCCCGAGGCTCATAACGGCATCG,0
CTACATTCCCGGCTGCCCGCCCCATCCCTACACGGCGCTCT,0
GCCATCCTCCGGCCTCAGGCCAACATCAAAAGGAGAAAAAA,0
AACATCAAAAGGAGAAAAATCATGTCCAAACGACAGGACGC,0
CTTGACTATCACAGCCAGGGCCGAAAAGGAAAAATCGAAGT,0
CGAAAAGGAAAAATCGAAGTCATCACCACCAAACCCTGCGC,0
AAAGAACCCGGCCTGGCCTACGAGTACACCGCCAAGGGGAA,0
GAGTACACCGCCAAGGGGAACCTGGTGGCGGTGGTGTCCAC,0
GGCACAGCCGTGCTGGGGCTCGGCGACATCGGCGCCCTGGT,0
GGCGACATCGGCGCCCTGGCCGGCAAGCCGGTCATGGAAGC,0
GGCAAGCCGGTCATGGAAGGCAAGGGTGTGCTGTTCAAGCC,0
AAGGGTGTGCTGTTCAAGCGCTTTGCCGACGTCGATGTGTC,0
TTTGCCGACGTCGATGTGTTCGACATCGAACTTGCCACCAC,0
GATCCGGACGAGATCATCCGCACCGTCAAGCTACTGGAGCG,0
CTTAAAGAGATCATGGATATCCCGGTCTTTCACGACGATCG,0
CACGGCACGGCGATCATCGCCGCCGCCGGCATGCTCAACGG,0
GTCAACGGAGCCGGCGCTGCCGGCATTGCCTGTGCGAATCG,0
GATACCAAGGGGGTCATCTACAAGGGACGCACCGAGGGAAT,0
GCGAATGAGACCAGCGCACGCAGCCTGGGCGAGGCTGTGAG,0
ACCCAGGAGATGGTCAAGAGCATGGGCAGAGACCCGATCAG,0
ATGGGCAGAGACCCGATCATCTTCGCCATGGCCAACCCCGC,0
TTCGCCATGGCCAACCCCGACCCGGAAATCACCCCGCCGGC,0
GCTCTGGCGGTTCGTCCTGACGCCATTGTCGGCACCGGTCA,0
GCCATTGTCGGCACCGGTCGCAGCGATTATCCCAACCAAGC,0
AGCGATTATCCCAACCAAGTCAACAACGTGCTCTGTTTCCC,0
AACAACGTGCTCTGTTTCCCCTTCCTGTTTCGGGGGGCTCC,0
TTCCTGTTTCGGGGGGCTCTCGACGTGCATGCCCGGGCGAC,0
GACGTGCATGCCCGGGCGATCAACGAAGAGATGAAAGTGGC,0
AACGAAGAGATGAAAGTGGCCGCGGTTCATGCCCTGGCCAC,0
GCGGTTCATGCCCTGGCCAACCTGGCCCGGCAGGATGTGCC,0
CTGGCCCGGCAGGATGTGCCCGACTCGGTGCGCAAGGCTTC,0
GACTCGGTGCGCAAGGCTTACGGCGGAGAGGAGATCAGCTC,0
GGCGGAGAGGAGATCAGCTTCGGCCGGAATTACATCATCCC,0
GGCCGGAATTACATCATCCCCAAGCCGTTTGATCCCAGAGC,0
GTCGCCCGCGCGGCGATGGACTCCGGGGTGGCCCGCAGACG,0
GTCGAGGATATGGACAGATACCGTGAGCAGCTGGAGTCTCT,0
CAGGGTCGATCCAAAGAGGTCATGCGCATCCTCATCAACAA,0
CAAGAGAAAATTCTCCGTGCCGTTCAAATTCTCCTGGACGT,0
CGCGCCAAAATGGCAGATCTCCACATGGAACCGGATCAGGT,0
CACATGGAACCGGATCAGGTCGAAATTATTGATCCGCCGAC,0
GAAATTATTGATCCGCCGACCAGCCCCGACCTTGAGGGCTC,0
TTCGGCGCGATGATGGTTCACATGGGAGACGCCGATACCTT,0
CAGGACGGCCTGTCCAAAGTCCATGGCGCCTACATGATGGG,0
CATGGCGCCTACATGATGGTCACTAAAAAAGATGTAGTGTC,0
ACTAAAAAAGATGTAGTGTTCTTTGCCGACACCACGGTGAC,0
GCGATGCTCTCGTTTTCCAACTTCGGCAGCACGCAGCATCG,0
TTCGGCAGCACGCAGCATCCCTTGAGCATCAAGGTCAAAAC,0
CGAGACCCTGCGCTGGTGGTCGATGGCGAAATGCAGGCCAG,0
TCCGCAGTGCAGGGTAATGCCAATGTTTTCATCTTCCCTGT,0
TTGCAGTCGGGAAATATCTGCTACAAATTGCTCAATAAGCT,0
CGCGGTGATGACGTGGCCGACATTGTCAACATGGCCGCTGG,0
AATGGAACATGGCAACACGGCAGCAACTGATGCTTTGAGCA,0
ACCTTTCCTATGAAAGGCCCCTTCTACCTTTTATTTTGATT,0
CGAGATCAGGTTGCCGCAAACCAGGATCTGTCACAGGCCGG,0
GAGCTTCCTTTCCCTATCGTCGGCATCGGCGCCTCCGCCGG,0
GACAGCGGTCTGGCCTTTGTCATCATCCAGCACCTCGATCA,0
ACCCACAAGGCCATGCTGACCGAACTGCTCCAGCGCACCAG,0
GAACTGCTCCAGCGCACCACCGGGATGAAAACCTTTCAGGC,0
GGGATGAAAACCTTTCAGGCCCGGGACAGGTTGCAGGTCAC,0
CCGAACTGCGTTTACGTGATCCCGCCCAACAAGGACATGTG,0
ATCCTGCACGGCGCGCTGCACCTGTTTGAGCCGAGCGAACG,0
CTGTTTGAGCCGAGCGAACCCCGCGGCCTGCGCCTGCCCAC,0
CGCGGCCTGCGCCTGCCCATCGATTTTTTTCTACGCTCCCC,0
GCCGAAGACCGGCAGGAGCGCAGCATCGGTGTCATTCTCTG,0
GGCATGGGCTCGGACGGTACCCTGGGGCTGAAGGCGATCAG,0
GTGCAGGATCCGGCCACCGCCAAGTTCGACAGCATGCCCCG,0
AAGTTCGACAGCATGCCCCGCAGCGCCATTTCCGCCGGCCC,0
AGCGCCATTTCCGCCGGCCTCGCCGACCTGGTCGCGCCGGC,0
GAGGAACTGCCCGGCAAGATCATCGATTACCTGCGTCATGG,0
ATCGATTACCTGCGTCATGCCCGCACCCTTGCCGGTTCCGC,0
CAGAGCGCCCTGGAAAAGGTCGTCATCCTGTTGCGGAACAT,0
TATAAAAAAAACACTATCCGCCGCCGCATCGAACGGCGCAG,0
TTTTTCCGCGATCCGGAAGCCTGGGAGCTGCTGCGCACCGT,0
CTGCGTGCCTGGTCGGTAGGCTGTTCCAGCGGCGAAGAGGT,0
TGTTCCAGCGGCGAAGAGGCCTATTCGCTGGCGATCGTCTC,0
TATTCGCTGGCGATCGTCTGCCATGAGGCGCTCACGGAGAC,0
CTCGACCAGGACGCCATCGACAAGGCCCGCCGGGGCTGGTT,0
GTTTCCGCCGAGCGCCTGCGCCGGTACTTTGTCCAGGAGGT,0
AAAATCCGCGAGATGGTGACCTTCGCCACCCAGAACGTCAG,0
TTCGCCACCCAGAACGTCATCATGGACCCTCCCTTCACCAC,0
CTCGACATTCTGGTCTGCCGCAACCTTCTGATCTATCTGAG,0
CTGCCGCTCTTTCACTACAGCCTCAAACCCGACGGCATCCT,0
TTTCTGGGCAATGCCGAAGCCGTCAGCGCCGCCGCCGATCG,0
